stadium_name,city,state,team_name,league,division,opened,years_active,status,renovations,capacity_opening,capacity_current,playing_surface_type,surface,architect,facade_material,architectural_style,classification_era,stadium_type,roof_type,name_history,preceded_by,succeeded_by,elevation,coordinates,stadium_cost,stadium_cost_adjusted,financing_method,address,location_classification,construction_start,opening_day,final_game,demolition_year,left_field_distance,center_field_distance,right_field_distance,orientation,orientation_degrees,visit_order,visit_count,first_visit_date,featured_visit_day,featured_visit_date,featured_game_title,other_visits,trip_name,home_team,home_team_abbreviation,away_team,away_team_abbreviation,game_result,attendance,start_time,time_zone,game_duration,day_night,home_starting_pitcher,away_starting_pitcher,winning_pitcher,losing_pitcher,save_pitcher,innings_played,temperature,conditions,wind,humidity,primary_home_team_color,secondary_home_team_color,home_team_accent_color
Wrigley Field,Chicago,Illinois,Cubs,National League,NL East/Central,1914,1914-present,Active,"Major 1930s expansion; lights installed in 1988; 1060 Project restoration and expansion from 2014-2019; scoreboard, clubhouse, bleacher, concourse, and plaza upgrades","14,000","41,649",Natural grass,Kentucky bluegrass,Zachary Taylor Davis,Steel-and-concrete grandstand with brick outfield walls and concrete-and-steel street facades,Jewel-box neighborhood ballpark,Jewel Box and Early Concrete,Open-air neighborhood jewel-box ballpark,Open Air,Weeghman Park (1914-1920); Cubs Park (1920-1926); Wrigley Field (1927-present),23rd Street Grounds; Lakefront Park; West Side Park; South Side Park; West Side Grounds,n/a,600 ft,"41.9481° N, 87.6556° W",$250k,$8.04 million,"Privately financed by Charles Weeghman for the Federal League Chicago Whales, later acquired by the Cubs","1060 W Addison Street, Chicago, IL 60613",Urban,"Mar 4, 1911","Apr 23, 1914",n/a,n/a,355 ft,400 ft,353 ft,NE,37°,1,3,"Jun 17, 1953",Friday,"Aug 12, 1988",Group Visit,"Jun 19, 1953 (doubleheader); Aug 13, 1988",Midwest,Chicago Cubs,CHC,St. Louis Cardinals,STL,"Cardinals 4, Cubs 0","31,596",3:05 PM,CDT,2:42,Day,Rick Sutcliffe,Joe Magrane,Joe Magrane,Rick Sutcliffe,n/a,9,91°,Clear,11 mph SSW,51%,Royal Blue,Red,White
Milwaukee County Stadium,Milwaukee,Wisconsin,Brewers,National/American League,AL East/Central/West; NL Central,1953,1953-2000,Demolished,"Upper-deck and seating expansions in the 1950s; scoreboard, lighting, clubhouse, and amenities upgrades across Brewers tenancy","36,011","53,192",Natural grass,Bluegrass,Osborn Engineering,Steel-and-concrete municipal grandstand with utilitarian exposed stadium structure,Postwar municipal baseball stadium with expandable utilitarian bowl planning,Postwar Municipal,Open-air municipal baseball stadium,Open Air,n/a,n/a,Miller Park,650 ft,"43.03° N, 87.974° W",$5.9 million,$71 million,Publicly financed and owned by Milwaukee County as a municipal stadium,"201 S 46th Street, Milwaukee, WI 53214 (former site)",Fairgrounds-adjacent,"Oct 19, 1950","Apr 6, 1953","Sep 28, 2000",2001,362 ft,402 ft,362 ft,SE,135°,2,2,"Jun 26 or 27, 1953",Friday,"Aug 12, 1988",Group Visit,n/a,Midwest,Milwaukee Brewers,MIL,Baltimore Orioles,BAL,"Brewers 8, Orioles 3","30,181",7:40 PM,CDT,3:05,Night,Mike Birkbeck,Oswaldo Peraza,Mike Birkbeck,Oswaldo Peraza,n/a,9,87°,Mostly Clear,5 mph SW,62%,Navy Blue,Gold,Royal Blue
Comiskey Park,Chicago,Illinois,White Sox,American League,AL West,1910,1910-1990,Demolished,"Upper-deck, scoreboard, lighting, seating, clubhouse, and structural updates across decades","32,000","43,951",Mixed / changed over time,Bluegrass outfield; Sox Sod AstroTurf infield 1969-1975; grass infield restored 1976,Zachary Taylor Davis,"Brick, reinforced concrete, and steel neighborhood grandstand",Jewel-box neighborhood ballpark,Jewel Box and Early Concrete,Open-air neighborhood jewel-box ballpark,Open Air,"White Sox Park (1910-1912, 1962-1975); Comiskey Park (1913-1961, 1976-1990)",39th Street Grounds / South Side Park,New Comiskey Park,595 ft,"41.8317° N, 87.6342° W",$750k,$25.9 million,Privately financed by White Sox owner Charles Comiskey,"324 W 35th Street, Chicago, IL 60616 (former site)",Urban,1910,"Jul 1, 1910","Sep 30, 1990",1991,352 ft,420 ft,352 ft,NE,45°,3,2,1969,Tuesday,"Aug 16, 1988",Group Visit,n/a,Midwest,Chicago White Sox,CWS,Toronto Blue Jays,TOR,"White Sox 5, Blue Jays 4","15,706",7:38 PM,CDT,3:09,Night,Jack McDowell,Jimmy Key,Jack McDowell,Jimmy Key,Bobby Thigpen,9,95°,Clear,9 mph SSW,54%,Black,Silver,White
Dodger Stadium,Los Angeles,California,Dodgers,National League,NL West,1962,1962-present,Active,"Major phased renovations under multiple ownership groups; seating, video, club, concourse, plaza, bullpen, and center-field renovations completed across the 2000s and 2010s","56,000","56,000",Natural grass,Tifway 419 bermudagrass overseeded with perennial ryegrass,Emil Praeger,Cast-in-place and precast concrete with painted steel railings and pastel modernist accents,Mid-century modern hillside baseball stadium,Modernist Baseball Specific,Open-air baseball-only stadium,Open Air,n/a,Los Angeles Memorial Coliseum,n/a,520 ft,"34.0736° N, 118.24° W",$23 million,$245 million,"Privately financed by Dodgers owner Walter O'Malley, enabled by a land exchange and site/infrastructure arrangements with Los Angeles","1000 Vin Scully Avenue, Los Angeles, CA 90012",Parkland-adjacent; Hilltop; Urban,"Sep 17, 1959","Apr 10, 1962",n/a,n/a,330 ft,395 ft,330 ft,NNE,26°,4,5,1970,Monday; Tuesday,"Aug 18, 1986; Aug 19, 1986",Group Visit,"May 14, 1978; May 22, 2010",Southern California,Los Angeles Dodgers,LAD,New York Mets,NYM,"Mets 5, Dodgers 4; Mets 6, Dodgers 4","46,099; 46,977",5:05 PM; 7:35 PM,PDT,3:23; 3:03,Night,Orel Hershiser; Fernando Valenzuela,Bob Ojeda; Ron Darling,Bob Ojeda; Ron Darling,Orel Hershiser; Fernando Valenzuela,Roger McDowell,9,83°,Partly Cloudy; Mostly Clear,14 mph SW; 10 mph SW,43%; 47%,Dodger Blue,Red,White
San Diego Stadium,San Diego,California,Padres,National League,NL West,1969,1969-2003 for MLB,Demolished,Expanded in 1984; enclosed and enlarged for football in 1997,"50,000","63,890",Natural grass,Santa Ana Bermuda grass,Frank L. Hope and Associates,Exposed reinforced concrete with geometric ramps and round concrete circulation towers,Expressionist Brutalist multipurpose stadium,Multipurpose Shared Use,Open-air multipurpose stadium,Open Air,San Diego Stadium (1967-1980); Jack Murphy Stadium (1981-1997); Qualcomm Stadium (1997-2017); SDCCU Stadium (2017-2020),n/a,Petco Park,70 ft,"32.7831° N, 117.1194° W",$27.75 million,$268 million,Publicly financed by the City of San Diego as a municipal multipurpose stadium,"9449 Friars Road, San Diego, CA 92108 (former site)",Valley; Urban; Suburban,"Dec 18, 1965","Apr 8, 1969","Sep 28, 2003",2021,327 ft,405 ft,330 ft,N,0°,5,1,"May 17, 1972 (estimated)",Wednesday,"May 17, 1972",Visit Info,n/a,n/a,San Diego Padres,SD,Los Angeles Dodgers,LAD,"Padres 2, Dodgers 0","12,995",7:30 PM,PDT,2:13,Night,Fred Norman,Tommy John,Fred Norman,Tommy John,n/a,9,60°,Mostly Clear,7 mph WSW,71%,Brown,Gold,White
Anaheim Stadium,Anaheim,California,Angels,American League,AL West,1966,1966-Present,Active,"1979-1981 expansion and enclosure for Los Angeles Rams football tenancy; 1996-1998 baseball-only renovation under Disney ownership; later video, lighting, seating, and technology upgrades","43,204","45,517",Natural grass,Tifway 419 bermudagrass,"Noble W. Herzberg and Associates; 1996-1998 renovation by HOK Sport, Robert A.M. Stern Architects, and Walt Disney Imagineering","Concrete, stucco, and steel",Expansion-era modern stadium with Disney-era retro entertainment renovation,Transitional Modern,Open-air baseball stadium; former multipurpose stadium,Open Air,Anaheim Stadium (1966-1997); Edison International Field of Anaheim (1998-2003); Angel Stadium of Anaheim (2004-present),Los Angeles Wrigley Field; Dodger Stadium,n/a,148 ft,"33.8006° N, 117.8834° W",$24 million,$240 million,Publicly financed by the City of Anaheim; later baseball-only renovation involved Disney/Angels and city participation,"2000 E Gene Autry Way, Anaheim, CA 92806",Suburban,1964,"Apr 9, 1966",n/a,n/a,347 ft,396 ft,350 ft,NE,43.61°,6,2,"Aug 17, 1986",Sunday,"Aug 17, 1986",First Visit,2006,Southern California,California Angels,CAL,Oakland Athletics,OAK,"Angels 7, Athletics 3","28,504",1:05 PM,PDT,3:10,Day,Don Sutton,Joaquin Andujar,Don Sutton,Joaquin Andujar,Gary Lucas,9,83°,Clear,11 mph WSW,51%,Red,Navy Blue,Silver
Yankee Stadium (1923),Bronx,New York,Yankees,American League,AL East,1923,1923-2008,Demolished,"Major 1974-1975 reconstruction; seating, facade, scoreboard, club, lighting, and amenity upgrades","58,000","56,936",Natural grass,Merion bluegrass,Osborn Engineering,Concrete-and-steel triple-deck structure with limestone/concrete exterior and copper/painted concrete frieze,Monumental jewel-box stadium with classical civic scale and Art Deco frieze,"Jewel Box and Early Concrete",Open-air monumental urban ballpark,Open Air,n/a,Hilltop Park; Polo Grounds,Yankee Stadium (2009),55 ft,"40.8269° N, 73.9281° W",$2.4 million,$34.4 million,Privately financed by Yankees owners Jacob Ruppert and Tillinghast Huston,"161st Street and River Avenue, Bronx, NY 10451 (former site)",Urban,"May 5, 1922","Apr 18, 1923","Sep 21, 2008",2010,318 ft,408 ft,314 ft,E,90°,7,2,"Aug 1, 1987",Saturday,"Aug 1, 1987",First Visit,"Jul 1, 2001",New York,New York Yankees,NYY,Detroit Tigers,DET,"Tigers 10, Yankees 5","55,103",7:05 PM,EDT,3:11,Night,Dennis Rasmussen,Frank Tanana,Frank Tanana,Dennis Rasmussen,n/a,9,77°,Clear,8 mph S,56%,Navy Blue,White,Gray
Shea Stadium,Queens,New York,Mets,National League,NL East,1964,1964-2008,Demolished,"Scoreboard, seating, luxury, lighting, field, and amenity upgrades across Mets and Jets tenancies","55,300","60,372",Natural grass,Kentucky bluegrass,Praeger-Kavanagh-Waterbury,Reinforced concrete and steel with blue-and-orange exterior steel panels,1960s modern multipurpose stadium with World's Fair-era color-panel facade,Multipurpose Shared Use,Open-air multipurpose stadium,Open Air,n/a,Polo Grounds,Citi Field,10 ft,"40.7556° N, 73.8481° W",$28.5 million,$296 million,Publicly financed and owned by New York City as a municipal stadium,"123-01 Roosevelt Avenue, Flushing, NY 11368 (former site)",Parkland-adjacent,"Oct 28, 1961","Apr 17, 1964","Sep 28, 2008",2009,338 ft,410 ft,338 ft,ENE,67.5°,8,2,"Aug 7, 1987",Thursday,"Aug 16, 1990",Group Visit,n/a,Northeast,New York Mets,NYM,Los Angeles Dodgers,LAD,"Mets 4, Dodgers 1","41,715",1:35 PM,EDT,2:32,Day,Ron Darling,Tim Belcher,Ron Darling,Tim Belcher,John Franco,9,82°,Clear,4 mph SSW,51%,Royal Blue,Orange,White
Riverfront Stadium,Cincinnati,Ohio,Reds,National League,NL West/Central,1970,1970-2002,Demolished,"Artificial turf, seating, scoreboard, luxury, and football/baseball updates; partial seating removal before demolition","51,050","52,952",Mixed / changed over time,AstroTurf 8 1970-2000; natural grass 2001-2002,"Heery & Heery, and FABRAP",Exposed reinforced/precast concrete circular multipurpose bowl,Circular multipurpose concrete doughnut stadium,Multipurpose Shared Use,Open-air circular multipurpose stadium,Open Air,Riverfront Stadium (1970-1996); Cinergy Field (1996-2002),Union Grounds; Avenue Grounds; Bank Street Grounds; League Park; Palace of the Fans; Redland Field / Crosley Field,Great American Ball Park,490 ft,"39.0967° N, 84.5083° W",$45 million,$373 million,Publicly financed by Cincinnati/Hamilton County as a municipal riverfront multipurpose stadium,"201 E Mehring Way, Cincinnati, OH 45202 (former site)",Riverfront; Downtown,"Feb 1, 1968","Jun 30, 1970","Sep 22, 2002",2002,330 ft,404 ft,330 ft,E,90°,9,1,"Aug 14, 1988",Sunday,"Aug 14, 1988",Group Visit,n/a,Midwest,Cincinnati Reds,CIN,Atlanta Braves,ATL,"Reds 2, Braves 0","38,945",2:15 PM,EDT,2:04,Day,Jose Rijo,Zane Smith,Tim Birtsas,Zane Smith,John Franco,9,93°,Clear,7 mph SW,43%,Red,Black,White
Tiger Stadium,Detroit,Michigan,Tigers,American League,AL East,1912,1912-1999,Demolished,"Expanded as Briggs Stadium in the 1930s; upper-deck enclosure, lights, scoreboards, seating, and structural updates","23,000","52,416",Natural grass,Bluegrass,Osborn Engineering,"Brick, reinforced concrete, and steel",Jewel-box urban ballpark,Jewel Box and Early Concrete,Jewel-box ballpark,Open Air,Navin Field (1912-1937); Briggs Stadium (1938-1960); Tiger Stadium (1961-1999),Bennett Park,Comerica Park,600 ft,"42.3325° N, 83.0691° W",$300k,$10 million,Privately financed by Tigers owner Frank Navin,"2121 Trumbull Avenue, Detroit, MI 48216",Urban,1911,"Apr 20, 1912","Sep 27, 1999",2009,340 ft,440 ft,325 ft,NNE,22.5°,10,1,"Aug 15, 1988",Monday,"Aug 15, 1988",Group Visit,n/a,Midwest,Detroit Tigers,DET,Minnesota Twins,MIN,"Twins 2, Tigers 1","32,700",7:40 PM,EDT,2:37,Night,Walt Terrell,Frank Viola,Frank Viola,Walt Terrell,n/a,9,88°,Mostly Clear,6 mph NW,35%,Navy Blue,Orange,White
Royals Stadium,Kansas City,Missouri,Royals,American League,AL Central,1973,1973-present,Active,"Major 2007-2009 renovation; scoreboard, concourses, fountains, outfield experience, seating, club, and amenities upgrades","40,625","37,903",Mixed / changed over time,AstroTurf 1973-1994; seasonal natural-grass blend since 1995,Kivett and Myers,Smooth exposed concrete facade with later glass and metal entrance additions,Modernist baseball-only stadium with fountain-focused sports-complex planning,Modernist Baseball Specific,Open-air baseball-only stadium in a sports complex,Open Air,Royals Stadium (1973-1993); Kauffman Stadium (1993-present),Municipal Stadium,n/a,870 ft,"39.0514° N, 94.4806° W",$70 million,$508 million,"Publicly financed by Jackson County bonds as part of the Truman Sports Complex, with later voter-approved public renovation funding","1 Royal Way, Kansas City, MO 64129",Sports-complex; Urban; Suburban,"Jul 11, 1968","Apr 10, 1973",n/a,n/a,330 ft,410 ft,330 ft,NE,46°,11,1,"Aug 23, 1989",Wednesday,"Aug 23, 1989",Group Visit,n/a,n/a,Kansas City Royals,KC,California Angels,CAL,"Royals 6, Angels 4","32,843",7:35 PM,CDT,3:09,Night,Tom Gordon,Jim Abbott,Tom Gordon,Jim Abbott,Jeff Montgomery,9,82°,Mostly Clear,2 mph NE,69%,Royal Blue,Gold,White
Cleveland Municipal Stadium,Cleveland,Ohio,Guardians,American League,AL East,1931,1931-1993 for MLB,Demolished,"Lighting, seating, scoreboard, field, football, and tenant-specific updates across decades","78,189","81,000",Natural grass,Natural grass,Walker and Weeks,Reinforced concrete and steel municipal bowl with monumental lakefront exterior,Prewar municipal stadium with stripped-classical civic scale,Postwar Municipal,Open-air municipal multipurpose stadium,Open Air,n/a,League Park,Jacobs Field,590 ft,"41.5067° N, 81.6972° W",$3 million,$63.5 million,Publicly financed and owned by the City of Cleveland as a municipal lakefront stadium,"1085 W 3rd Street, Cleveland, OH 44114 (former site)",Lakefront; Downtown,"Jun 24, 1930","Jul 1, 1931","Oct 3, 1993",1997,322 ft,400 ft,322 ft,NE,45°,12,1,"Aug 13, 1990",Monday,"Aug 13, 1990",Group Visit,n/a,Northeast,Cleveland Indians,CLE,Detroit Tigers,DET,"Tigers 6, Indians 5","12,073",7:38 PM,EDT,2:51,Night,Jeff Shaw,Walt Terrell,Walt Terrell,Jeff Shaw,Jerry Gleaton,9,71°,Partly Cloudy,8 mph NW,73%,Navy Blue,Red,White
Three Rivers Stadium,Pittsburgh,Pennsylvania,Pirates,National League,NL East/Central,1970,1970-2000,Demolished,"Artificial turf, seating, scoreboard, suite, football, and baseball updates across Pirates and Steelers tenancies","47,942","47,971",Artificial turf,Tartan Turf 1970-1982; AstroTurf 1983-2000,Deeter Ritchey Sippel,Regular precast concrete structural system with exposed concrete circular bowl,Circular multipurpose concrete doughnut stadium,Multipurpose Shared Use,Open-air circular multipurpose stadium,Open Air,n/a,Recreation Park; Exposition Park; Forbes Field,PNC Park,730 ft,"40.4467° N, 80.0128° W",$55 million,$483 million,Publicly financed through Pittsburgh/Allegheny County stadium-authority bonds as a municipal multipurpose stadium,"600 Stadium Circle, Pittsburgh, PA 15212 (former site)",Riverfront,"Apr 25, 1968","Jul 16, 1970","Oct 1, 2000",2001,335 ft,400 ft,335 ft,SE,135°,13,1,"Aug 14, 1990",Tuesday,"Aug 14, 1990",Group Visit,n/a,Northeast,Pittsburgh Pirates,PIT,Atlanta Braves,ATL,"Pirates 3, Braves 1; Braves 4, Pirates 6","25,542",5:35 PM; 9:00 PM,EDT,2:32; 2:14,Night,Doug Drabek; Zane Smith,Charlie Leibrandt; Steve Avery,Doug Drabek; Zane Smith,Charlie Leibrandt; Steve Avery,n/a; Bob Patterson,9,76°; 70°,Mostly Clear,4 mph NW; 4 mph N,57%; 78%,Black,Gold,White
Veterans Stadium,Philadelphia,Pennsylvania,Phillies,National League,NL East,1971,1971-2003,Demolished,"Scoreboard, turf, seating, suites, concessions, football, and safety updates across Phillies and Eagles tenancies","56,371","65,352",Artificial turf,AstroTurf 1971-2001; NexTurf 2001-2003,Hugh Stubbins and Associates,Exposed reinforced/precast concrete circular octorad bowl,Brutalist modern multipurpose concrete stadium,Multipurpose Shared Use,Open-air circular multipurpose stadium,Open Air,n/a,Recreation Park; Baker Bowl; Shibe Park / Connie Mack Stadium,Citizens Bank Park,20 ft,"39.9067° N, 75.1711° W",$63 million,$501 million,Publicly financed by the City of Philadelphia as a municipal multipurpose stadium,"3501 S Broad Street, Philadelphia, PA 19148 (former site)",Sports-complex,"Oct 2, 1967","Apr 10, 1971","Sep 28, 2003",2004,330 ft,371 ft,330 ft,ENE,67.5°,14,1,"Aug 15, 1990",Wednesday,"Aug 15, 1990",Group Visit,n/a,Northeast,Philadelphia Phillies,PHI,San Francisco Giants,SF,"Phillies 6, Giants 0","32,156",7:35 PM,EDT,2:09,Night,Terry Mulholland,Don Robinson,Terry Mulholland,Don Robinson,n/a,9,79°,Mostly Clear,4 mph WSW,65%,Red,Blue,White
Memorial Stadium,Baltimore,Maryland,Orioles,American League,AL East,1954,1954-1991 for MLB,Demolished,"Major 1950s reconstruction; scoreboards, lighting, seating, and football/baseball updates across decades","31,000","53,371",Natural grass,Natural grass,"Hall, Border & Donaldson",Reinforced concrete structure with brick-and-stone memorial facade and gateway,Postwar municipal memorial stadium with monumental classical frontage,Postwar Municipal,Open-air municipal multipurpose stadium,Open Air,n/a,n/a,Oriole Park at Camden Yards,250 ft,"39.3294° N, 76.6014° W",$6.5 million,$87 million,"Publicly financed as a Baltimore municipal memorial stadium, with city/state civic-stadium support","900 E 33rd Street, Baltimore, MD 21218 (former site)",Urban,1921,"Apr 15, 1954","Oct 6, 1991",2002,309 ft,445 ft,309 ft,N,0°,15,1,"Aug 17, 1990",Friday,"Aug 17, 1990",Group Visit,n/a,Northeast,Baltimore Orioles,BAL,Oakland Athletics,OAK,"Athletics 8, Orioles 3","45,379",7:38 PM,EDT,2:51,Night,John Mitchell,Bob Welch,Bob Welch,John Mitchell,n/a,9,81°,Clear,4 mph S,66%,Orange,Black,White
Mile High Stadium,Denver,Colorado,Rockies,National League,NL West,1993,1993-1994 for MLB,Demolished,"Expanded repeatedly for football; movable east stands, upper decks, scoreboard, and event upgrades before Rockies tenancy","76,000","76,123",Natural grass,Kentucky bluegrass,Original Bears Stadium by local municipal designers; later expansions by several firms,Concrete and steel grandstands with movable steel east-stand structure,Utilitarian open-air multipurpose stadium with expandable movable-grandstand engineering,Multipurpose Shared Use,Open-air multipurpose stadium adapted for MLB expansion,Open Air,Bears Stadium (1948-1968); Mile High Stadium (1969-2001),n/a,Coors Field,5280 ft,"39.7461° N, 105.0217° W",$500k,$7 million,Publicly financed and expanded by Denver as a municipal stadium; Rockies tenancy used the existing facility as an interim MLB venue,"2755 W 17th Avenue, Denver, CO 80204 (former site)",Urban-edge; Urban,1947,"Aug 14, 1948","Aug 11, 1994",2002,333 ft,423 ft,370 ft,SE,135°,16,unknown,"Apr 9, 1993",Friday,"Apr 9, 1993",First Visit,multiple,n/a,Colorado Rockies,COL,Montreal Expos,MON,"Rockies 11, Expos 4","80,227",3:05 PM,MDT,2:42,Day,Bryn Smith,Kent Bottenfield,Bryn Smith,Kent Bottenfield,n/a,9,63°,Light Drizzle,3 mph SW,23%,Purple,Black,Silver
Coors Field,Denver,Colorado,Rockies,National League,NL West,1995,1995-present,Active,"Rooftop deck opened in 2014; scoreboard, club, seating, concessions, and social-space upgrades","50,200","46,891",Natural grass,Kentucky bluegrass blend,HOK Sport and W.E. Simpson,"Brick, sandstone, precast masonry, and exposed steel",Retro-classic warehouse-district ballpark,Retro Classic,Open-air baseball-only ballpark,Open Air,n/a,Mile High Stadium,n/a,5200 ft,"39.7561° N, 104.9942° W",$300 million,$634 million,"Public-private financing; Denver metropolitan stadium-district sales-tax bonds funded the majority, with Rockies/private contribution","2001 Blake Street, Denver, CO 80205",Downtown,"Oct 16, 1992","Apr 26, 1995",n/a,n/a,347 ft,415 ft,350 ft,N,4°,17,unknown,"Apr 26, 1995",Wednesday,"Apr 26, 1995",First Visit,multiple,n/a,Colorado Rockies,COL,New York Mets,NYM,"Rockies 11, Mets 9","47,228",5:38 PM,MDT,4:49,Night,Bill Swift,Bobby Jones,Mark Thompson,Mike Remlinger,n/a,14,36°,Partly Cloudy,5 mph ESE,69%,Purple,Black,Silver
Progressive Field,Cleveland,Ohio,Guardians,American League,AL Central,1994,1994-present,Active,"Major 2015-2016 renovation; additional 2020s renovations to upper deck, social spaces, club areas, bullpens, and neighborhood connections","42,865","34,820",Natural grass,Kentucky bluegrass,HOK Sport,"Painted exposed steel, brick accents, and concrete seating-bowl structure",Retro-modern downtown ballpark with industrial steel expression,Retro Classic,Open-air baseball-only ballpark,Open Air,Jacobs Field (1994-2007); Progressive Field (2008-present),League Park; Cleveland Municipal Stadium,n/a,650 ft,"41.4958° N, 81.6853° W",$175 million,$380 million,"Public-private financing through the Gateway Economic Development Corporation, sin-tax/public bonds, and team/private contributions","2401 Ontario Street, Cleveland, OH 44115",Downtown,"Jan 13, 1992","Apr 4, 1994",n/a,n/a,325 ft,400 ft,325 ft,N,0°,18,2,"Jul 2, 2001",Thursday,"Sep 22, 2011",Group Visit,n/a,Ohio/Pennsylvania,Cleveland Indians,CLE,Chicago White Sox,CWS,"Indians 11, White Sox 2","21,487",7:06 PM,EDT,2:36,Night,Jeanmar Gomez,Philip Humber,Jeanmar Gomez,Philip Humber,n/a,9,68°,Clear,5 mph NE,64%,Navy Blue,Red,White
Comerica Park,Detroit,Michigan,Tigers,American League,AL Central,2000,2000-present,Active,"Scoreboard, outfield, seating, club, fences, social-space, and player-facility upgrades","40,120","41,083",Natural grass,Kentucky bluegrass,"HOK Sport, SHG, and Rockwell Group",Retro brick-clad concrete-and-steel structure with stone tiger-head ornament,Retro-classic downtown ballpark with large-scale traditional stadium massing,Retro Classic,Open-air baseball-only ballpark,Open Air,n/a,Bennett Park; Tiger Stadium,n/a,600 ft,"42.3392° N, 83.0486° W",$300 million,$561 million,Public-private financing; Tigers/private funds supplied the majority with Detroit/Wayne County public infrastructure and capital support,"2100 Woodward Avenue, Detroit, MI 48201",Downtown,"Oct 29, 1997","Apr 11, 2000",n/a,n/a,342 ft,412 ft,330 ft,SSE,150°,19,2,"Jul 3, 2001",Friday,"Jul 21, 2023",Group Visit,n/a,Northern Midwest,Detroit Tigers,DET,San Diego Padres,SD,"Padres 5, Tigers 4","28,834",6:40 PM,EDT,2:33,Night,Reese Olson,Seth Lugo,Seth Lugo,Reese Olson,Josh Hader,9,79°,Clear,10 mph N,41%,Navy Blue,Orange,White
New Comiskey Park,Chicago,Illinois,White Sox,American League,AL Central,1991,1991-present,Active,"Major 2001-2007 renovation reduced upper deck, added roof canopy, reworked concourses, seating, scoreboard, and fan areas","44,321","40,615",Natural grass,Kentucky bluegrass,HOK Sport,Concrete and steel structure with arched-window facade and later black steel canopy,Late-modern baseball-only stadium retrofitted with retro-classic elements,Transitional Modern,Open-air baseball-only ballpark,Open Air,New Comiskey Park (1991-2002); U.S. Cellular Field (2003-2016); Guaranteed Rate Field (2016-2024); Rate Field (2024-present),South Side Park; Comiskey Park,n/a,595 ft,"41.83° N, 87.6339° W",$137 million,$324 million,Publicly financed by the Illinois Sports Facilities Authority through public bonds and state/local revenue sources,"333 W 35th Street, Chicago, IL 60616",Urban,"May 7, 1989","Apr 18, 1991",n/a,n/a,330 ft,400 ft,335 ft,SE,127°,20,1,"Jul 4, 2001",Wednesday,"Jul 4, 2001",Visit Info,n/a,Midwest,Chicago White Sox,CWS,Minnesota Twins,MIN,"White Sox 4, Twins 3","22,934",6:07 PM,CDT,2:51,Night,Mark Buehrle,Eric Milton,Keith Foulke,LaTroy Hawkins,n/a,9,82°,Clear,8 mph NW,50%,Black,Silver,White
American Family Field,Milwaukee,Wisconsin,Brewers,National League,NL Central,2001,2001-present,Active,"Scoreboard, seating, club, concessions, and infrastructure improvements; roof and winterization work","41,900","41,900",Natural grass,Kentucky bluegrass,"HKS, NBBJ, and Eppstein Uhen Architects","Red brick facade with limestone, steel, glass, and fan-shaped retractable-roof structure",Retro-classic retractable-roof ballpark with industrial roof expression,Retro Classic,Retractable-roof baseball-only ballpark,Fan-shaped retractable roof,Miller Park (2001-2020); American Family Field (2021-present),County Stadium,n/a,635 ft,"43.0283° N, 87.9711° W",$400 million,$727 million,"Public-private financing; Southeast Wisconsin Professional Baseball Park District sales-tax bonds funded the majority, with Brewers/private contribution","1 Brewers Way, Milwaukee, WI 53214",Urban; Suburban,"Nov 9, 1996","Apr 6, 2001",n/a,n/a,342 ft,400 ft,337 ft,SE,129°,21,2,"Jul 5, 2001",Saturday,"Jul 22, 2023",Group Visit,n/a,Northern Midwest,Milwaukee Brewers,MIL,Atlanta Braves,ATL,"Brewers 4, Braves 3","39,707",6:15 PM,CDT,2:32,Night,Adrian Houser,Allan Winans,Joel Payamps,Joe Jimenez,Devin Williams,9,78°,Mostly Clear,5 mph WSW,47%,Navy Blue,Gold,Royal Blue
Safeco Field,Seattle,Washington,Mariners,American League,AL West,1999,1999-present,Active,"Roof, scoreboard, seating, club, video, hospitality, and fan-space improvements","47,116","47,943",Natural grass,Kentucky bluegrass and perennial ryegrass mixture,NBBJ and 360 Architecture,Brick exterior with exposed steel trusses and massive steel retractable canopy roof,Retro-classic warehouse-district ballpark with umbrella-style retractable roof,Retro Classic,Open-air baseball-only ballpark with retractable umbrella-style roof,Retractable canopy roof,Safeco Field (1999-2018); T-Mobile Park (2019-present),Kingdome,n/a,20 ft,"47.591° N, 122.333° W",$517 million,$1 billion,"Public-private financing; Washington State and King County tax-backed public funding supplied the majority, with Mariners/private contribution","1250 1st Avenue S, Seattle, WA 98134",Downtown-edge; Industrial-edge; Downtown; Urban,"Mar 8, 1997","Jul 15, 1999",n/a,n/a,331 ft,401 ft,326 ft,NE,49°,22,1,"Aug 15, 2003",Friday,"Aug 15, 2003",Visit Info,n/a,n/a,Seattle Mariners,SEA,Boston Red Sox,BOS,"Mariners 10, Red Sox 5","46,171",7:05 PM,PDT,3:28,Night,Jamie Moyer,Jeff Suppan,Julio Mateo,Mike Timlin,Shigetoshi Hasegawa,9,74°,Mostly Clear,11 mph SW,57%,Northwest Green,Navy Blue,Silver
Petco Park,San Diego,California,Padres,National League,NL West,2004,2004-present,Active,"Scoreboard, social-space, seating, outfield, premium-area, and technology upgrades; Gallagher Square renovations","42,445","39,860",Natural grass,Bandera Bermuda grass,HOK Sport and Antoine Predock,"Indian sandstone, stucco, white-painted steel, and preserved red-brick Western Metal Supply building",Retro-modern downtown ballpark with adaptive-reuse warehouse landmark,Retro Classic,Open-air baseball-only ballpark,Open Air,n/a,Jack Murphy Stadium / Qualcomm Stadium,n/a,40 ft,"32.7073° N, 117.1566° W",$450 million,$767 million,Public-private partnership using San Diego redevelopment/public funds and Padres/private contribution,"100 Park Boulevard, San Diego, CA 92101",Downtown,"May 3, 2000","Apr 8, 2004",n/a,n/a,336 ft,396 ft,391 ft,N,0°,23,1,"Jun 20, 2009",Saturday,"Jun 20, 2009",Group Visit,n/a,n/a,San Diego Padres,SD,Oakland Athletics,OAK,"Athletics 6, Padres 3","28,074",7:05 PM,PDT,2:59,Night,Walter Silva,Brett Anderson,Michael Wuertz,Cla Meredith,Andrew Bailey,9,66°,Clear,6 mph SW,69%,Brown,Gold,White
Great American Ball Park,Cincinnati,Ohio,Reds,National League,NL Central,2003,2003-present,Active,"Scoreboard, club, seating, concessions, social-space, and riverfront district upgrades","42,271","45,814",Natural grass,Perennial ryegrass mixture,"HOK Sport, GBBN, and Moody Nolan","Brick facades with cast stone/sandstone base, white-painted steel, and glass",Retro-contemporary riverfront ballpark with Cincinnati industrial and riverboat references,Retro Classic,Open-air baseball-only ballpark,Open Air,n/a,Union Grounds; Avenue Grounds; Bank Street Grounds; League Park; Palace of the Fans; Crosley Field; Riverfront Stadium,n/a,490 ft,"39.0975° N, 84.5067° W",$290 million,$508 million,"Public-private financing dominated by Hamilton County sales-tax/public funds, with Reds/private contribution","100 Joe Nuxhall Way, Cincinnati, OH 45202",Riverfront; Downtown,"Aug 1, 2000","Mar 31, 2003",n/a,n/a,328 ft,404 ft,325 ft,ESE,122°,24,1,"Sep 21, 2011",Wednesday,"Sep 21, 2011",Group Visit,n/a,Ohio/Pennsylvania,Cincinnati Reds,CIN,Houston Astros,HOU,"Reds 2, Astros 0","20,875",12:35 PM,EDT,2:12,Day,Bronson Arroyo,Wandy Rodriguez,Bronson Arroyo,Wandy Rodriguez,n/a,9,68°,Drizzle,7 mph SSW,95%,Red,Black,White
PNC Park,Pittsburgh,Pennsylvania,Pirates,National League,NL Central,2001,2001-present,Active,"Scoreboard, club, seating, concessions, outfield, social-space, and technology upgrades","38,362","38,747",Natural grass,Kentucky bluegrass,HOK Sport and L.D. Astorino & Associates,"Kasota limestone facade with brick bases, terra-cotta tile, masonry arches, and green steel",Retro-classic riverfront ballpark with civic limestone architecture,Retro Classic,Open-air baseball-only ballpark,Open Air,n/a,Recreation Park; Exposition Park; Forbes Field; Three Rivers Stadium,n/a,730 ft,"40.4469° N, 80.0058° W",$216 million,$393 million,"Publicly financed through Pennsylvania, Allegheny County, Pittsburgh, and stadium-authority sources, with Pirates lease/private participation","115 Federal Street, Pittsburgh, PA 15212",Riverfront; Urban,"Apr 7, 1999","Apr 9, 2001",n/a,n/a,325 ft,399 ft,320 ft,ESE,116°,25,1,"Sep 23, 2011",Friday,"Sep 23, 2011",Group Visit,n/a,Ohio/Pennsylvania,Pittsburgh Pirates,PIT,Cincinnati Reds,CIN,"Pirates 4, Reds 3","23,632",7:06 PM,EDT,3:22,Night,Jeff Locke,Edinson Volquez,Joel Hanrahan,Bill Bray,n/a,9,64°,Light Drizzle,7 mph WNW,98%,Black,Gold,White
Fenway Park,Boston,Massachusetts,Red Sox,American League,AL East,1912,1912-present,Active,"Major 1934 rebuild; seats, Green Monster, clubs, concourses, scoreboards, structural, accessibility, and preservation upgrades across the 2000s","27,000","37,755",Natural grass,Kentucky bluegrass,James E. McLaughlin,"Red tapestry brick facade with concrete/stucco trim, green-painted steel, and concrete grandstand",Jewel-box neighborhood ballpark,Jewel Box and Early Concrete,Open-air neighborhood jewel-box ballpark,Open Air,n/a,Huntington Avenue Grounds,n/a,20 ft,"42.3464° N, 71.0978° W",$650k,$21.7 million,Privately financed by Red Sox owner John I. Taylor and the Fenway Realty Company,"4 Jersey Street, Boston, MA 02215",Urban,"Sep 25, 1911","Apr 20, 1912",n/a,n/a,310 ft,389 ft,302 ft,NE,45°,26,2,"Jul 22, 2016",Friday; Saturday,"Jul 22, 2016; Jul 23, 2016",Group Visit,n/a,Boston,Boston Red Sox,BOS,Minnesota Twins,MIN,"Twins 2, Red Sox 1; Twins 11, Red Sox 9","37,001; 37,600",7:10 PM; 7:11 PM,EDT,3:00; 4:11,Night,Eduardo Rodriguez; David Price,Kyle Gibson; Ricky Nolasco,Kyle Gibson; Ryan Pressly,Eduardo Rodriguez; Tom Layne,Brandon Kintzler,9,92°; 79°,Cloudy,18 mph SW; 7 mph SW,47%; 54%,Red,Navy Blue,White
Marlins Park,Miami,Florida,Marlins,National League,NL East,2012,2012-present,Active,"Home-run sculpture removed, seating, scoreboard, club, field, and fan-space updates","36,742","37,442",Mixed / changed over time,Celebration bermudagrass 2012; Platinum TE paspalum 2014-2019; Shaw Sports Turf B1K since 2020,Populous,"White stucco, silver metal, exposed steel, and extensive glass facade/retractable panels",Contemporary neomodern retractable-roof ballpark,Contemporary Mixed Use,Retractable-roof baseball-only ballpark,Retractable,Marlins Park (2012-2020); loanDepot park (2021-present),Pro Player Stadium / Sun Life Stadium,n/a,10 ft,"25.7781° N, 80.2197° W",$634 million,$889 million,"Public-private financing dominated by Miami-Dade County and City of Miami public bonds, with Marlins private contribution","501 Marlins Way, Miami, FL 33125",Urban,"Jul 1, 2009","Apr 4, 2012",n/a,n/a,344 ft,400 ft,335 ft,SE,128°,27,1,"May 26, 2018",Saturday,"May 26, 2018",Group Visit,n/a,Florida/Georgia,Miami Marlins,MIA,Washington Nationals,WSH,"Nationals 4, Marlins 1","11,646",4:10 PM,EDT,2:56,Day,Wei-Yin Chen,Tanner Roark,Justin Miller,Brad Ziegler,Sean Doolittle,9,72°,Rain,17 mph ENE,87%,Miami Blue,Caliente Red,Slate Gray
Tropicana Field,St. Petersburg,Florida,Rays,American League,AL East,1998,1998-present for MLB,Active,"Field, catwalk, lighting, scoreboard, seating, turf, tank, and fan-space updates; storm-damage and relocation issues in the 2020s","45,000","25,025",Artificial turf,Shaw Sports Turf TruHop synthetic turf,HOK Sport and Lescher & Mahoney,Concrete structure with slanted PTFE/fiberglass fabric dome and glazed rotunda entries,Late fixed-dome multipurpose stadium with tensile-roof engineering,Multipurpose Shared Use,Fixed-dome multipurpose stadium adapted for baseball,Fixed dome,Florida Suncoast Dome (1990-1993); ThunderDome (1993-1996); Tropicana Field (1996-present),n/a,n/a,45 ft,"27.7683° N, 82.6533° W",$130 million,$320 million,Publicly financed by the City of St. Petersburg as a fixed-dome stadium intended to attract MLB,"1 Tropicana Drive, St. Petersburg, FL 33705",Downtown-edge; Downtown,"Nov 22, 1986","Mar 3, 1990",n/a,n/a,315 ft,404 ft,322 ft,N,359°,28,1,"May 27, 2018",Sunday,"May 27, 2018",Group Visit,n/a,Florida/Georgia,Tampa Bay Rays,TB,Baltimore Orioles,BAL,"Rays 8, Orioles 3","13,311",1:10 PM,EDT,3:10,Day,Sergio Romo,Kevin Gausman,Vidal Nuno,Kevin Gausman,Austin Pruitt,9,76°,Drizzle,26 mph SE,90%,Navy Blue,Columbia Blue,Yellow
SunTrust Park,Cumberland,Georgia,Braves,National League,NL East,2017,2017-present,Active,"Ongoing technology, hospitality, premium seating, and entertainment-district upgrades","41,149","41,108",Natural grass,Seashore Paspalum Platinum TE,Populous,"Red brick masonry with precast stone, steel structure, and large metal seating-bowl canopy",Contemporary retro-classic ballpark integrated with a mixed-use entertainment district,Contemporary Mixed Use,Open-air baseball-only ballpark integrated with mixed-use development,Open Air,SunTrust Park (2017-2019); Truist Park (2020-present),Atlanta-Fulton County Stadium; Turner Field,n/a,1010 ft,"33.89° N, 84.468° W",$622 million,$818 million,"Public-private partnership; Cobb County/Cobb-Marietta authority bonds and Cumberland CID support funded part of the stadium, with Braves funding the balance and The Battery development","755 Battery Avenue SE, Atlanta, GA 30339",Urban; Suburban,"Sep 16, 2014","Apr 14, 2017",n/a,n/a,335 ft,400 ft,325 ft,SE,145°,29,1,"May 28, 2018",Monday,"May 28, 2018",Group Visit,n/a,Florida/Georgia,Atlanta Braves,ATL,New York Mets,NYM,"Braves 4, Mets 3","32,377",1:13 PM,EDT,3:05,Day,Max Fried,Jacob deGrom,Shane Carle,Seth Lugo,n/a,9,70°,Light Drizzle,15 mph ENE,93%,Navy Blue,Scarlet,Gold
Nationals Park,"Washington, D.C.","",Nationals,National League,NL East,2008,2008-present,Active,"Scoreboard, social-space, club, seating, concessions, and neighborhood-access upgrades","41,888","41,373",Natural grass,Kentucky bluegrass,Populous and Devrouax & Purnell Architects,Mostly glass and steel facade with precast concrete civic massing,Contemporary sustainable urban ballpark with modern civic architecture,Contemporary Mixed Use,Open-air baseball-only ballpark,Open Air,n/a,Robert F. Kennedy Memorial Stadium,n/a,25 ft,"38.8728° N, 77.0075° W",$693 million,$1.04 billion,Almost entirely publicly financed by the District of Columbia through public bonds and stadium-related taxes,"1500 S Capitol Street SE, Washington, DC 20003",Riverfront; Urban,"May 4, 2006","Mar 30, 2008",n/a,n/a,337 ft,402 ft,335 ft,NNE,28°,30,1,"May 1, 2019",Wednesday,"May 1, 2019",Group Visit,n/a,Northeast v2,Washington Nationals,WSH,St. Louis Cardinals,STL,"Cardinals 5, Nationals 1","22,157",7:05 PM,EDT,3:02,Night,Max Scherzer,Miles Mikolas,Miles Mikolas,Max Scherzer,n/a,9,72°,Partly Cloudy,8 mph E,73%,Red,Navy Blue,White
Citi Field,Queens,New York,Mets,National League,NL East,2009,2009-present,Active,"Center-field, scoreboard, seating, outfield wall, plaza, club, and fan-space updates","41,922","41,922",Natural grass,Kentucky bluegrass,Populous,"Brick, limestone, granite, and cast-stone facade with Jackie Robinson Rotunda",Retro-classic ballpark with Ebbets Field-inspired monumental entrance,Retro Classic,Open-air baseball-only ballpark,Open Air,n/a,Polo Grounds; Shea Stadium,n/a,10 ft,"40.7569° N, 73.8458° W",$900 million,$1.35 billion,"Mets-financed project using tax-exempt PILOT bonds and significant city/state land, infrastructure, and subsidy support","41 Seaver Way, Queens, NY 11368",Parkland-adjacent,"Nov 13, 2006","Apr 13, 2009",n/a,n/a,335 ft,408 ft,330 ft,NNE,13°,31,1,"May 2, 2019",Thursday,"May 2, 2019",Group Visit,n/a,Northeast v2,New York Mets,NYM,Cincinnati Reds,CIN,"Mets 1, Reds 0","21,445",12:11 PM,EDT,2:10,Day,Noah Syndergaard,Tyler Mahle,Noah Syndergaard,Tyler Mahle,n/a,9,68°,Partly Cloudy,2 mph NW,74%,Royal Blue,Orange,White
Yankee Stadium (2009),Bronx,New York,Yankees,American League,AL East,2009,2009-present,Active,"Scoreboard, fan-space, seating, club, social-area, and field-level improvements; Monument Park and museum refinements","50,287","46,543",Natural grass,Kentucky bluegrass,Populous,"Indiana limestone, granite, precast concrete, steel, and replicated frieze",Retro-monumental ballpark replicating the original Yankee Stadium's civic facade,Retro Classic,Open-air baseball-only ballpark,Open Air,n/a,Hilltop Park; Polo Grounds; Yankee Stadium (1923),n/a,55 ft,"40.8292° N, 73.9264° W",$2.3 billion,$3.45 billion,"Yankees-financed project using tax-exempt public bonds plus substantial city/state land, infrastructure, parking, and tax subsidy support","1 E 161 Street, Bronx, NY 10451",Urban,"Aug 19, 2006","Apr 16, 2009",n/a,n/a,318 ft,408 ft,314 ft,ENE,75°,32,1,"May 3, 2019",Friday,"May 3, 2019",Group Visit,n/a,Northeast v2,New York Yankees,NYY,Minnesota Twins,MIN,"Yankees 6, Twins 3","35,911",7:08 PM,EDT,3:08,Night,James Paxton,Kyle Gibson,Jonathan Holder,Kyle Gibson,Aroldis Chapman,9,57°,Light Drizzle,4 mph SW,87%,Navy Blue,White,Gray
Citizens Bank Park,Philadelphia,Pennsylvania,Phillies,National League,NL East,2004,2004-present,Active,"Scoreboard, concessions, seating, outfield, club, social-space, and technology upgrades","43,500","43,500",Natural grass,Riviera Bermuda grass outfield; Kentucky bluegrass infield,EwingCole and HOK Sport,"Multiple shades of red brick with precast concrete/light stone trim, granite, and exposed steel",Retro-classic sports-complex ballpark with Philadelphia rowhouse and industrial cues,Retro Classic,Open-air baseball-only ballpark,Open Air,n/a,Recreation Park; Baker Bowl; Shibe Park / Connie Mack Stadium; Veterans Stadium,n/a,20 ft,"39.9058° N, 75.1664° W",$458 million,$781 million,Public-private financing shared by Phillies/private funds and Philadelphia/state public infrastructure and capital support,"1 Citizens Bank Way, Philadelphia, PA 19148",Sports-complex,"Jun 28, 2001","Apr 12, 2004",n/a,n/a,329 ft,401 ft,369 ft,N,9°,33,1,"May 4, 2019",Saturday,"May 4, 2019",Group Visit,n/a,Northeast v2,Philadelphia Phillies,PHI,Washington Nationals,WSH,"Nationals 10, Phillies 8","43,319",7:28 PM,EDT,3:45,Night,Jake Arrieta,Patrick Corbin,Tony Sipp,Adam Morgan,Sean Doolittle,9,70°,Overcast,5 mph E,77%,Red,Blue,White
Oriole Park at Camden Yards,Baltimore,Maryland,Orioles,American League,AL East,1992,1992-present,Active,"Scoreboard, seating, club, concessions, left-field, social-space, and concourse renovations; long-term lease improvements in progress","48,041","42,455",Natural grass,Kentucky bluegrass,HOK Sport and RTKL,"Red brick masonry with stone base, exposed green steel, and integrated B&O Warehouse context",Retro-classic downtown ballpark with warehouse-district industrial character,Retro Classic,Open-air baseball-only ballpark,Open Air,n/a,Memorial Stadium,n/a,30 ft,"39.2839° N, 76.6217° W",$110 million,$252 million,Publicly financed by the Maryland Stadium Authority with Orioles lease payments and related revenues,"333 W Camden Street, Baltimore, MD 21201",Downtown,"Jun 28, 1989","Apr 6, 1992",n/a,n/a,333 ft,400 ft,318 ft,NNE,31°,34,1,"Jul 13, 2019",Saturday,"Jul 13, 2019",Visit Info,n/a,Baltimore,Baltimore Orioles,BAL,Tampa Bay Rays,TB,"Orioles 2, Rays 1","22,596",1:07 PM,EDT,2:58,Day,Aaron Brooks,Brendan McKay,Richard Bleier,Colin Poche,Mychal Givens,9,85°,Clear,6 mph W,51%,Orange,Black,White
Minute Maid Park,Houston,Texas,Astros,American League,AL West,2000,2000-present,Active,"Center-field renovation before 2017, removal of Tal's Hill, scoreboard and premium-space upgrades, roof and fan-experience improvements","40,950","40,950",Natural grass,Seashore Paspalum,HOK Sport,Red brick masonry with steel-and-glass retractable-roof structure and preserved Union Station frontage,Retro-classic downtown retractable-roof ballpark integrated with historic railroad-station architecture,Retro Classic,Retractable-roof baseball-only ballpark,Retractable,Enron Field (2000-2002); Astros Field (2002); Minute Maid Park (2002-2024); Daikin Park (2025-present),Colt Stadium; Astrodome,n/a,45 ft,"29.7569° N, 95.3556° W",$250 million,$467 million,"Public-private financing; Harris County-Houston Sports Authority/public sources funded the majority, with Astros private contribution","501 Crawford Street, Houston, TX 77002",Downtown,"Nov 1, 1997","Mar 30, 2000",n/a,n/a,315 ft,409 ft,326 ft,NNW,343°,35,1,"Sep 11, 2021",Saturday,"Sep 11, 2021",Group Visit,n/a,Texas,Houston Astros,HOU,Los Angeles Angels,LAA,"Angels 4, Astros 2","31,547",6:10 PM,CDT,3:42,Night,Luis Garcia,Jose Suarez,Jose Suarez,Luis Garcia,Raisel Iglesias,9,84°,Clear,10 mph SE,54%,Navy Blue,Orange,White
Globe Life Field,Arlington,Texas,Rangers,American League,AL West,2020,2020-present,Active,"Ongoing technology, premium, and event-hosting updates since opening","40,300","40,300",Artificial turf,Shaw Sports Turf B1K,HKS,"Brick, limestone/precast concrete, steel, glass, and ETFE roof elements",Contemporary retractable-roof ballpark with mixed-use district transparency,Contemporary Mixed Use,Retractable-roof baseball-only ballpark,Retractable,n/a,Arlington Stadium; The Ballpark in Arlington,n/a,550 ft,"32.7475° N, 97.0842° W",$1.1 Billion,$1.37 billion,"Public-private financing; Arlington voter-approved bonds/taxes provided up to $500 million, with Rangers funding the balance","734 Stadium Drive, Arlington, TX 76011",Urban; Suburban,"Sep 28, 2017","Jul 24, 2020",n/a,n/a,329 ft,407 ft,326 ft,NNE,30°,36,1,"Sep 13, 2021",Monday,"Sep 13, 2021",Group Visit,n/a,Texas,Texas Rangers,TEX,Houston Astros,HOU,"Astros 15, Rangers 1","18,903",7:05 PM,CDT,3:53,Night,Spencer Howard,Jake Odorizzi,Cristian Javier,Spencer Howard,n/a,9,84°,Mostly Clear,5 mph ESE,60%,Royal Blue,Red,White
Rogers Centre,Toronto,Ontario,Blue Jays,American League,AL East,1989,1989-present,Active,"Major 2023-2025 phased renovation of outfield districts, seating bowl, clubhouses, premium areas, video boards, and fan amenities","50,516","41,500",Artificial turf,AstroTurf 3D Xtreme with dirt infield,Rod Robbie and Michael Allen; structural design by Adjeleian Allen Rubeli,Concrete-and-steel multipurpose shell with steel/PVC retractable-roof panels and selective glazed edges,"Late multipurpose high-tech retractable-dome stadium, now retrofitted toward baseball-specific use","Multipurpose Shared Use",Multipurpose retractable-roof stadium adapted increasingly toward baseball,Retractable,SkyDome (1989-2005); Rogers Centre (2005-present),Exhibition Stadium,n/a,250 ft,"43.6414° N, 79.3892° W",$470 million,$1.26 billion,"Public-private partnership led by Ontario, Canada, and Toronto public entities with private corporate participation; later privately acquired by Rogers","1 Blue Jays Way, Toronto, ON M5V 1J1, Canada",Downtown,"Oct 3, 1986","Jun 3, 1989",n/a,n/a,328 ft,400 ft,328 ft,NNW,345°,37,1,"Jul 20, 2023",Thursday,"Jul 20, 2023",Group Visit,n/a,Northern Midwest,Toronto Blue Jays,TOR,San Diego Padres,SD,"Blue Jays 4, Padres 0","43,196",1:07 PM,EDT,2:53,Day,Chris Bassitt,Blake Snell,Chris Bassitt,Blake Snell,n/a,9,77°,Clear,8 mph SSE,68%,Royal Blue,Navy Blue,Red
Target Field,Minneapolis,Minnesota,Twins,American League,AL Central,2010,2010-present,Active,"Scoreboard, club, seating, social-space, concourse, lighting, and plaza improvements","39,504","38,544",Natural grass,Four-way Kentucky bluegrass blend,Populous,"Kasota limestone, glass, and steel facade",Contemporary urban ballpark with regional limestone and warehouse-district references,Contemporary Mixed Use,Open-air baseball-only ballpark,Open Air,n/a,Metropolitan Stadium; Hubert H. Humphrey Metrodome,n/a,830 ft,"44.9817° N, 93.2783° W",$555 million,$820 million,"Public-private financing; Hennepin County sales-tax/public funds supplied the majority, with Twins/private contribution","1 Twins Way, Minneapolis, MN 55403",Downtown,"Aug 30, 2007","Apr 12, 2010",n/a,n/a,339 ft,411 ft,328 ft,SE,129°,38,1,"Jul 23, 2023",Sunday,"Jul 23, 2023",Group Visit,n/a,Northern Midwest,Minnesota Twins,MIN,Chicago White Sox,CWS,"Twins 5, White Sox 4","29,001",1:10 PM,CDT,3:28,Day,Bailey Ober,Lucas Giolito,Emilio Pagan,Jesse Scholtens,n/a,9,84°,Overcast,5 mph NW,38%,Navy Blue,Red,Kasota Gold
Chase Field,Phoenix,Arizona,Diamondbacks,National League,NL West,1998,1998-present,Active,"Center-field and seating changes, synthetic turf conversion, scoreboard and premium-area upgrades, pool and hospitality updates","48,500","48,500",Mixed / changed over time,DeAnza zoysia blend 1998; Bull's Eye Bermuda 1999-2018; Shaw Sports Turf B1K since 2019,"Ellerbe Becket, with Bill Johnson Design","Steel frame with concrete, gray metal panels, glass, and operable retractable-roof enclosure",Retro-modern retractable-roof ballpark with industrial warehouse-scale massing,Retro Classic,Retractable-roof baseball-only ballpark,Retractable,Bank One Ballpark (1998-2005); Chase Field (2005-present),n/a,n/a,1085 ft,"33.4453° N, 112.0669° W",$354 million,$699 million,"Public-private financing; Maricopa County sales-tax/public bonds funded the majority, with Diamondbacks/private contribution","401 E Jefferson Street, Phoenix, AZ 85004",Downtown,"Nov 16, 1995","Mar 31, 1998",n/a,n/a,330 ft,407 ft,334 ft,N,0°,39,1,"Apr 29, 2024",Monday,"Apr 29, 2024",Group Visit,n/a,Phoenix,Arizona Diamondbacks,ARI,Los Angeles Dodgers,LAD,"Dodgers 8, Diamondbacks 4","36,985",6:40 PM,MST,2:50,Night,Tommy Henry,James Paxton,James Paxton,Tommy Henry,n/a,9,89°,Clear,5 mph SE,10%,Sedona Red,Sonoran Sand,Black
Busch Stadium,St. Louis,Missouri,Cardinals,National League,NL Central,2006,2006-present,Active,"Ballpark Village phased development; scoreboard, club, seating, and hospitality upgrades","46,861","44,494",Natural grass,Tahoma 31 hybrid bermudagrass since 2023; previously Kentucky bluegrass,"Populous, with HOK Sport heritage",Red brick and limestone/cast-stone masonry with exposed structural steel entrance arch,Retro-classic downtown ballpark with civic arch and Mississippi River bridge references,Retro Classic,Open-air baseball-only ballpark,Open Air,n/a,Sportsman's Park; Union Park; League Park; Robison Field; Sportsman's Park / Busch Stadium; Busch Stadium II,n/a,465 ft,"38.6225° N, 90.1931° W",$365 million,$583 million,Primarily privately financed by Cardinals ownership with limited state/local public assistance and infrastructure support,"700 Clark Avenue, St. Louis, MO 63102",Downtown,"Jan 17, 2004","Apr 10, 2006",n/a,n/a,336 ft,375 ft,335 ft,ENE,62°,40,2,"Aug 17, 2024",Saturday,"Aug 17, 2024",Group Visit,"Aug 18, 2024",St. Louis,St. Louis Cardinals,STL,Los Angeles Dodgers,LAD,"Cardinals 5, Dodgers 2","41,929",6:15 PM,CDT,2:27,Night,Andre Pallante,Bobby Miller,Andre Pallante,Bobby Miller,Ryan Helsley,9,85°,Mostly Clear,10 mph NW,53%,Cardinal Red,Navy Blue,Yellow
Sutter Health Park,West Sacramento,California,A's,American League,AL West,2025,2025-present for MLB,Active (temporary),"Temporary MLB upgrades before the 2025 season, including clubhouse, lighting, broadcast, dugout, training, and seating modifications","14,000","14,014",Natural grass,Bermuda and rye grass blend,HOK Sport,Concrete masonry units with red brick block structures and brick trim,Retro-classic minor-league ballpark with masonry warehouse-district character,Retro Classic,Open-air minor-league ballpark adapted for temporary MLB use,Open Air,Raley Field (2000-2019); Sutter Health Park (2020-present),Oakland Coliseum,n/a,25 ft,"38.5804° N, 121.5138° W",$46.5 million,$86.9 million,"Financed through the River City Regional Stadium Financing Authority joint-powers agency, with public authority bonds supported by stadium/private revenues","400 Ballpark Drive, West Sacramento, CA 95691",Urban-edge; Riverfront; Urban,"Oct 28, 1999","May 15, 2000",n/a,n/a,330 ft,403 ft,325 ft,NE,46°,41,1,"Jul 11, 2025",Friday,"Jul 11, 2025",Group Visit,n/a,Northern California,Oakland Athletics,OAK,Toronto Blue Jays,TOR,"Blue Jays 7, Athletics 6","7,950",7:05 PM,PDT,3:01,Night,Luis Severino,Max Scherzer,Max Scherzer,Luis Severino,n/a,9,96°,Sunny,10 mph SW,33%,Green,Gold,White
Oracle Park,San Francisco,California,Giants,National League,NL West,2000,2000-present,Active,"Scoreboard, seating, concession, center-field, and waterfront-edge upgrades","41,503","42,000",Natural grass,Tifway 419 bermudagrass,HOK Sport,Red brick masonry with exposed steel framing and glass waterfront elements,Retro-classic urban waterfront ballpark,Retro Classic,Open-air baseball-only waterfront ballpark,Open Air,Pacific Bell Park (2000-2003); SBC Park (2004-2005); AT&T Park (2006-2018); Oracle Park (2019-present),Seals Stadium; Candlestick Park,n/a,10 ft,"37.7786° N, 122.3892° W",$357 million,$667 million,"Primarily privately financed by the Giants, with limited public infrastructure and land/site support","24 Willie Mays Plaza, San Francisco, CA 94107",Waterfront; Urban,"Dec 11, 1997","Apr 11, 2000",n/a,n/a,339 ft,391 ft,365 ft,E,85°,42,1,"Jul 12, 2025",Saturday,"Jul 12, 2025",Group Visit,n/a,Northern California,San Francisco Giants,SF,Los Angeles Dodgers,LAD,"Dodgers 2, Giants 1","41,029",1:05 PM,PDT,2:11,Day,Landen Roupp,Shohei Ohtani,Emmet Sheehan,Landen Roupp,Tanner Scott,9,64°,Partly Cloudy,12 mph WSW,70%,Orange,Black,Cream
