stadium_name,game_sequence,featured_visit_date,featured_visit_day,away_team,away_team_abbreviation,home_team,home_team_abbreviation,away_runs_by_inning,home_runs_by_inning,away_r,away_h,away_e,home_r,home_h,home_e,innings_played,source
Wrigley Field,1,"Aug 12, 1988",Friday,St. Louis Cardinals,STL,Chicago Cubs,CHC,0;0;0;1;0;0;2;1;0,0;0;0;0;0;0;0;0;0,4,10,0,0,1,2,9,https://statsapi.mlb.com/api/v1.1/game/196016/feed/live
Milwaukee County Stadium,1,"Aug 12, 1988",Friday,Baltimore Orioles,BAL,Milwaukee Brewers,MIL,3;0;0;0;0;0;0;0;0,0;2;0;4;0;0;2;0;x,3,10,1,8,14,0,9,https://statsapi.mlb.com/api/v1.1/game/196006/feed/live
Comiskey Park,1,"Aug 16, 1988",Tuesday,Toronto Blue Jays,TOR,Chicago White Sox,CWS,1;0;0;0;0;0;2;0;1,0;2;2;0;1;0;0;0;x,4,10,0,5,6,0,9,https://statsapi.mlb.com/api/v1.1/game/196064/feed/live
Dodger Stadium,1,"Aug 18, 1986",Monday,New York Mets,NYM,Los Angeles Dodgers,LAD,1;0;1;0;3;0;0;0;0,0;0;0;0;4;0;0;0;0,5,9,0,4,11,1,9,https://statsapi.mlb.com/api/v1.1/game/191850/feed/live
Dodger Stadium,2,"Aug 19, 1986",Tuesday,New York Mets,NYM,Los Angeles Dodgers,LAD,2;2;0;0;0;1;0;0;1,0;2;2;0;0;0;0;0;0,6,12,2,4,9,1,9,https://statsapi.mlb.com/api/v1.1/game/191860/feed/live
San Diego Stadium,1,"May 17, 1972",Wednesday,Los Angeles Dodgers,LAD,San Diego Padres,SD,0;0;0;0;0;0;0;0;0,0;0;1;0;0;0;0;1;x,0,6,1,2,4,0,9,https://statsapi.mlb.com/api/v1.1/game/162774/feed/live
Anaheim Stadium,1,"Aug 17, 1986",Sunday,Oakland Athletics,OAK,California Angels,CAL,0;1;0;1;0;0;0;0;1,1;0;1;0;0;2;1;2;x,3,9,2,7,12,0,9,https://statsapi.mlb.com/api/v1.1/game/191841/feed/live
Yankee Stadium (1923),1,"Aug 1, 1987",Saturday,Detroit Tigers,DET,New York Yankees,NYY,1;0;1;0;3;3;2;0;0,0;0;0;0;1;0;0;2;2,10,16,1,5,8,1,9,https://statsapi.mlb.com/api/v1.1/game/193747/feed/live
Shea Stadium,1,"Aug 16, 1990",Thursday,Los Angeles Dodgers,LAD,New York Mets,NYM,0;1;0;0;0;0;0;0;0,0;0;0;2;1;1;0;0;x,1,10,0,4,9,0,9,https://statsapi.mlb.com/api/v1.1/game/200243/feed/live
Riverfront Stadium,1,"Aug 14, 1988",Sunday,Atlanta Braves,ATL,Cincinnati Reds,CIN,0;0;0;0;0;0;0;0;0,0;1;0;0;1;0;0;0;x,0,9,0,2,5,0,9,https://statsapi.mlb.com/api/v1.1/game/196032/feed/live
Tiger Stadium,1,"Aug 15, 1988",Monday,Minnesota Twins,MIN,Detroit Tigers,DET,0;0;1;0;0;0;1;0;0,1;0;0;0;0;0;0;0;0,2,9,0,1,7,0,9,https://statsapi.mlb.com/api/v1.1/game/196048/feed/live
Royals Stadium,1,"Aug 23, 1989",Wednesday,California Angels,CAL,Kansas City Royals,KC,1;0;0;0;0;0;0;3;0,2;0;0;0;3;1;0;0;x,4,6,1,6,11,1,9,https://statsapi.mlb.com/api/v1.1/game/198253/feed/live
Cleveland Municipal Stadium,1,"Aug 13, 1990",Monday,Detroit Tigers,DET,Cleveland Indians,CLE,3;2;0;0;0;0;0;0;1,0;1;2;0;0;0;0;0;2,6,10,1,5,11,1,9,https://statsapi.mlb.com/api/v1.1/game/200206/feed/live
Three Rivers Stadium,1,"Aug 14, 1990",Tuesday,Atlanta Braves,ATL,Pittsburgh Pirates,PIT,0;0;0;0;0;0;0;0;1,0;0;0;2;0;1;0;0;x,1,6,0,3,9,0,9,https://statsapi.mlb.com/api/v1.1/game/200213/feed/live
Three Rivers Stadium,2,"Aug 14, 1990",Tuesday,Atlanta Braves,ATL,Pittsburgh Pirates,PIT,0;0;1;0;1;0;2;0;0,4;0;2;0;0;0;0;0;x,4,5,1,6,6,1,9,https://statsapi.mlb.com/api/v1.1/game/200214/feed/live
Veterans Stadium,1,"Aug 15, 1990",Wednesday,San Francisco Giants,SF,Philadelphia Phillies,PHI,0;0;0;0;0;0;0;0;0,1;0;0;0;3;2;0;0;x,0,0,0,6,8,1,9,https://statsapi.mlb.com/api/v1.1/game/200238/feed/live
Memorial Stadium,1,"Aug 17, 1990",Friday,Oakland Athletics,OAK,Baltimore Orioles,BAL,0;0;0;0;7;0;0;1;0,0;2;0;0;0;0;0;1;0,8,13,0,3,9,0,9,https://statsapi.mlb.com/api/v1.1/game/200257/feed/live
Mile High Stadium,1,"Apr 9, 1993",Friday,Montreal Expos,MON,Colorado Rockies,COL,0;0;0;0;0;0;0;0;4,4;1;0;2;2;0;2;0;x,4,10,4,11,18,1,9,https://statsapi.mlb.com/api/v1.1/game/205092/feed/live
Coors Field,1,"Apr 26, 1995",Wednesday,New York Mets,NYM,Colorado Rockies,COL,0;0;0;1;0;4;1;0;1;0;0;0;1;1,2;0;1;0;2;1;0;0;1;0;0;0;1;3,9,18,1,11,15,0,14,https://statsapi.mlb.com/api/v1.1/game/208922/feed/live
Progressive Field,1,"Sep 22, 2011",Thursday,Chicago White Sox,CWS,Cleveland Indians,CLE,0;0;0;0;2;0;0;0;0,2;0;0;0;2;1;4;2;x,2,4,0,11,12,1,9,https://statsapi.mlb.com/api/v1.1/game/289228/feed/live
Comerica Park,1,"Jul 21, 2023",Friday,San Diego Padres,SD,Detroit Tigers,DET,3;0;2;0;0;0;0;0;0,0;0;0;0;1;1;2;0;0,5,9,1,4,8,0,9,https://statsapi.mlb.com/api/v1.1/game/717317/feed/live
New Comiskey Park,1,"Jul 4, 2001",Wednesday,Minnesota Twins,MIN,Chicago White Sox,CWS,0;0;0;0;0;2;0;1;0,0;0;0;0;0;1;0;1;2,3,10,0,4,9,1,9,https://statsapi.mlb.com/api/v1.1/game/6069/feed/live
American Family Field,1,"Jul 22, 2023",Saturday,Atlanta Braves,ATL,Milwaukee Brewers,MIL,0;0;3;0;0;0;0;0;0,0;0;0;0;2;1;0;1;x,3,7,2,4,8,0,9,https://statsapi.mlb.com/api/v1.1/game/717296/feed/live
Safeco Field,1,"Aug 15, 2003",Friday,Boston Red Sox,BOS,Seattle Mariners,SEA,0;0;0;1;1;2;0;1;0,0;2;1;1;0;4;0;2;x,5,8,1,10,13,0,9,https://statsapi.mlb.com/api/v1.1/game/16281/feed/live
Petco Park,1,"Jun 20, 2009",Saturday,Oakland Athletics,OAK,San Diego Padres,SD,1;1;0;0;0;1;1;2;0,0;0;2;0;1;0;0;0;0,6,10,0,3,8,2,9,https://statsapi.mlb.com/api/v1.1/game/245219/feed/live
Great American Ball Park,1,"Sep 21, 2011",Wednesday,Houston Astros,HOU,Cincinnati Reds,CIN,0;0;0;0;0;0;0;0;0,1;1;0;0;0;0;0;0;x,0,6,1,2,5,1,9,https://statsapi.mlb.com/api/v1.1/game/289216/feed/live
PNC Park,1,"Sep 23, 2011",Friday,Cincinnati Reds,CIN,Pittsburgh Pirates,PIT,0;0;0;0;1;1;0;0;1,0;2;1;0;0;0;0;0;1,3,11,0,4,8,0,9,https://statsapi.mlb.com/api/v1.1/game/289239/feed/live
Fenway Park,1,"Jul 22, 2016",Friday,Minnesota Twins,MIN,Boston Red Sox,BOS,0;1;0;0;0;1;0;0;0,1;0;0;0;0;0;0;0;0,2,10,1,1,4,1,9,https://statsapi.mlb.com/api/v1.1/game/448306/feed/live
Fenway Park,2,"Jul 23, 2016",Saturday,Minnesota Twins,MIN,Boston Red Sox,BOS,1;3;0;0;0;1;5;1;0,1;5;0;1;0;1;1;0;0,11,19,1,9,15,1,9,https://statsapi.mlb.com/api/v1.1/game/448321/feed/live
Marlins Park,1,"May 26, 2018",Saturday,Washington Nationals,WSH,Miami Marlins,MIA,0;0;0;0;0;0;0;1;3,0;0;0;1;0;0;0;0;0,4,7,1,1,6,0,9,https://statsapi.mlb.com/api/v1.1/game/530183/feed/live
Tropicana Field,1,"May 27, 2018",Sunday,Baltimore Orioles,BAL,Tampa Bay Rays,TB,3;0;0;0;0;0;0;0;0,1;0;6;0;0;0;1;0;x,3,8,0,8,10,1,9,https://statsapi.mlb.com/api/v1.1/game/530186/feed/live
SunTrust Park,1,"May 28, 2018",Monday,New York Mets,NYM,Atlanta Braves,ATL,1;0;0;1;0;0;0;0;1,0;0;0;0;0;0;1;1;2,3,7,0,4,8,1,9,https://statsapi.mlb.com/api/v1.1/game/530206/feed/live
Nationals Park,1,"May 1, 2019",Wednesday,St. Louis Cardinals,STL,Washington Nationals,WSH,3;0;0;0;0;0;0;2;0,0;0;0;1;0;0;0;0;0,5,11,0,1,9,1,9,https://statsapi.mlb.com/api/v1.1/game/565911/feed/live
Citi Field,1,"May 2, 2019",Thursday,Cincinnati Reds,CIN,New York Mets,NYM,0;0;0;0;0;0;0;0;0,0;0;1;0;0;0;0;0;x,0,4,0,1,4,1,9,https://statsapi.mlb.com/api/v1.1/game/566004/feed/live
Yankee Stadium (2009),1,"May 3, 2019",Friday,Minnesota Twins,MIN,New York Yankees,NYY,0;0;1;0;0;0;0;2;0,1;1;0;2;1;0;1;0;x,3,4,2,6,8,1,9,https://statsapi.mlb.com/api/v1.1/game/567471/feed/live
Citizens Bank Park,1,"May 4, 2019",Saturday,Washington Nationals,WSH,Philadelphia Phillies,PHI,1;0;1;0;1;0;2;4;1,1;1;0;1;0;0;5;0;0,10,13,3,8,12,2,9,https://statsapi.mlb.com/api/v1.1/game/567078/feed/live
Oriole Park at Camden Yards,1,"Jul 13, 2019",Saturday,Tampa Bay Rays,TB,Baltimore Orioles,BAL,0;0;1;0;0;0;0;0;0,0;0;0;0;0;0;2;0;x,1,3,0,2,7,0,9,https://statsapi.mlb.com/api/v1.1/game/564945/feed/live
Minute Maid Park,1,"Sep 11, 2021",Saturday,Los Angeles Angels,LAA,Houston Astros,HOU,2;0;2;0;0;0;0;0;0,0;0;0;1;0;0;0;0;1,4,10,1,2,6,0,9,https://statsapi.mlb.com/api/v1.1/game/632529/feed/live
Globe Life Field,1,"Sep 13, 2021",Monday,Houston Astros,HOU,Texas Rangers,TEX,3;4;2;0;0;4;1;1;0,0;0;1;0;0;0;0;0;0,15,16,0,1,9,0,9,https://statsapi.mlb.com/api/v1.1/game/632502/feed/live
Rogers Centre,1,"Jul 20, 2023",Thursday,San Diego Padres,SD,Toronto Blue Jays,TOR,0;0;0;0;0;0;0;0;0,0;1;0;0;0;0;1;2;x,0,6,0,4,9,1,9,https://statsapi.mlb.com/api/v1.1/game/717331/feed/live
Target Field,1,"Jul 23, 2023",Sunday,Chicago White Sox,CWS,Minnesota Twins,MIN,0;1;1;0;1;0;0;0;0;1;0;0,0;0;0;0;0;0;0;0;3;1;0;1,4,11,0,5,13,1,12,https://statsapi.mlb.com/api/v1.1/game/717285/feed/live
Chase Field,1,"Apr 29, 2024",Monday,Los Angeles Dodgers,LAD,Arizona Diamondbacks,ARI,0;2;0;0;4;1;0;1;0,1;0;0;0;3;0;0;0;0,8,10,0,4,7,0,9,https://statsapi.mlb.com/api/v1.1/game/747211/feed/live
Busch Stadium,1,"Aug 17, 2024",Saturday,Los Angeles Dodgers,LAD,St. Louis Cardinals,STL,1;0;0;0;1;0;0;0;0,1;0;2;0;1;0;0;1;x,2,4,0,5,11,0,9,https://statsapi.mlb.com/api/v1.1/game/745140/feed/live
Sutter Health Park,1,"Jul 11, 2025",Friday,Toronto Blue Jays,TOR,Oakland Athletics,OAK,0;0;0;1;6;0;0;0;0,0;0;0;0;0;3;0;0;3,7,12,0,6,10,1,9,https://statsapi.mlb.com/api/v1.1/game/777152/feed/live
Oracle Park,1,"Jul 12, 2025",Saturday,Los Angeles Dodgers,LAD,San Francisco Giants,SF,0;1;0;0;0;1;0;0;0,0;0;0;0;0;0;0;1;0,2,8,0,1,3,1,9,https://statsapi.mlb.com/api/v1.1/game/777127/feed/live
