stadium_name,source_stadium_name,stadium_context
Wrigley Field,Wrigley Field,"Wrigley Field has survived so long that it can be mistaken for something outside stadium history, as if it simply endured while other parks came and went. But its importance is more interesting than preservation alone. It began as Weeghman Park in 1914, became Cubs Park, then Wrigley Field, and through those name changes kept the basic arrangement that later eras would spend enormous sums trying to recreate: baseball fitted tightly into a living city.

The park did not replace a single modern stadium problem so much as inherit Chicago baseball's restless early geography. The Cubs had already moved through a chain of grounds before settling into the North Side building that became their long-term home. What made Wrigley durable was not that it was ideal by later standards. It was constrained, urban, asymmetrical, and physically close to the streets around it. Those constraints became the identity. The brick walls, steel-and-concrete grandstand, neighborhood edges, and compact field geometry make the park feel less like a detached venue than a piece of city fabric that happens to contain major-league baseball.

That older arrangement kept needing negotiation with newer forms of the sport. Lights arrived in 1988, long after night baseball had become ordinary elsewhere. Later work through the 1060 Project rebuilt and expanded clubhouses, bleachers, concourses, scoreboards, and adjacent fan spaces. Those changes were not cosmetic. They were the cost of keeping an early twentieth-century ballpark viable inside a league built around broadcast schedules, premium inventory, player facilities, and year-round revenue.

Wrigley matters because it complicates the usual stadium timeline. Most parks represent their era by being replaced when the next era arrives. Wrigley represents its era by forcing later eras to adapt around it. It is not a pure relic, and it is not a retro invention. It is a working old building that has repeatedly been made new enough to survive, while still reminding the rest of baseball what was lost when ballparks stopped being woven so tightly into ordinary streets."
Milwaukee County Stadium,County Stadium,"Milwaukee County Stadium was built before Milwaukee had a major-league franchise to fill it, which gives the park an unusual place in MLB history. It was less a replacement than an argument: a publicly financed municipal stadium meant to prove that a midwestern industrial city could support big-league baseball. When the Braves arrived from Boston, the building's purpose became clear. Milwaukee had used infrastructure to make itself available to the league.

The site reinforced that civic pitch. Placed beside the Wisconsin State Fair grounds rather than inside a tight downtown grid, County Stadium worked as a regional destination. It offered room, access, and expandability, all of which mattered in the postwar period when baseball attendance, automobile travel, and municipal ambition were being remade together. The ballpark's utilitarian steel-and-concrete form did not try to charm like an older jewel box. It promised capacity and practicality.

That practicality shaped its long second life with the Brewers as much as its first life with the Braves. Upper-deck additions, seating expansions, lights, scoreboards, clubhouses, and amenity upgrades kept the stadium useful through decades of changing expectations. It was never a refined architectural object, but that was partly the point. County Stadium made baseball feel civic, accessible, and regional, with a culture built as much around arrival and parking-lot ritual as around the seating bowl.

Its replacement by Miller Park showed what the old building could no longer provide. By 2001, smaller-market baseball needed weather protection, premium spaces, stronger concessions, and a more controlled revenue model. County Stadium mattered because it captured an earlier bargain: a public stadium as an invitation to MLB, durable enough to serve two franchises, but eventually too exposed and too plain for the economics that followed."
Comiskey Park,Comiskey Park,"Comiskey Park belonged to the generation when an owner could build a major-league ballpark as an urban piece of infrastructure and expect the city to grow around its rhythms. Opened in 1910 on Chicago's South Side, it replaced the White Sox's earlier 39th Street Grounds with something larger, more permanent, and more architecturally substantial. Brick, steel, reinforced concrete, and a neighborhood setting made it part of the jewel-box era, but its scale and durability also gave it a harder civic presence than the phrase ""old ballpark"" sometimes suggests.

The site mattered because it kept the White Sox rooted in a particular side of Chicago. Unlike later stadiums organized around regional access and surface parking, Comiskey was tied to streets, blocks, and neighborhood identity. That did not make it quaint; it made it specific. Baseball there was shaped by proximity, by the compression of city land, and by the social geography of the South Side.

Over eight decades, the building absorbed the usual pressures of modern baseball: lighting, scoreboards, seating changes, clubhouse updates, structural work, and the shifting expectations of television-era spectatorship. Those changes could extend the life of the park, but they could not turn it into the kind of facility owners and cities came to want by the late twentieth century. Its strengths as an old urban park also became the reasons it looked obsolete: limited revenue space, aging structure, and a site less easily adapted to newer expectations of comfort and control.

New Comiskey Park succeeded it in 1991, keeping the team nearby while changing the stadium model almost completely. The replacement traded intimacy and accumulated history for a larger, modern baseball-only facility backed by public stadium politics and parking logic. Comiskey Park matters because it shows what was lost in that trade: not only an old building, but a particular way of attaching baseball to a city neighborhood."
Dodger Stadium,Dodger Stadium,"Dodger Stadium was built for a franchise and a city both trying to define themselves at major-league scale. After the Dodgers left Brooklyn, the Los Angeles Memorial Coliseum could only be a temporary answer: huge, improvised, and not truly shaped for baseball. The permanent park in Chavez Ravine gave the relocated club a home of its own and gave Los Angeles a stadium that matched the city's mid-century confidence in land, movement, and modern form.

Its location was the central choice. Rather than imitate an older neighborhood ballpark, Dodger Stadium settled into a hilltop basin north of downtown, surrounded by parkland-adjacent urban terrain and organized around automobile arrival. That setting made the building feel both central and apart. It was close enough to the city to carry civic weight, but its experience was governed by grade changes, terraced parking, and the broad spatial logic of postwar Los Angeles. The ballpark did not ask fans to step off a dense street grid into baseball. It asked them to ascend into a designed landscape.

Architecturally, the stadium is a rare case of baseball-specific modernism that did not become obsolete as quickly as much of its generation. Its clean horizontal decks, hillside siting, open-air bowl, and mid-century discipline gave it a clarity that later multipurpose stadiums often lacked. It gained scale, visibility, and a powerful sense of arrival, but it sacrificed the sidewalk intimacy of the older parks that preceded modern relocation and expansion.

The renovations across later decades show how much the original form could absorb. Seating, video, club, concourse, plaza, bullpen, and center-field work expanded the business and social functions of the stadium without erasing the underlying composition. That is why Dodger Stadium occupies such a particular place in the anthology: it is not a jewel box, not a concrete doughnut, and not a retro reconstruction. It is the enduring version of an alternate path MLB might have taken more often, where modernism, topography, and baseball-specific design were allowed to reinforce one another."
San Diego Stadium,Jack Murphy Stadium,"San Diego Stadium came from the expansion-era belief that a growing Sun Belt city could announce itself through flexible sports infrastructure. It was not built simply as a baseball park. It was a civic machine for a metropolitan valley that wanted to host major-league baseball, professional football, and large public events in one open-air structure. When the Padres entered MLB, the stadium gave San Diego the scale and legitimacy that a new franchise required.

The Mission Valley setting was central to that ambition. Rather than place baseball in an older downtown fabric, San Diego chose a broad valley landscape suited to automobile access, regional movement, and future growth. The site reflected the city's postwar geography: spread out, freeway-oriented, and comfortable with the idea that a stadium could serve an entire region from a large infrastructural node.

The building's expressionist Brutalist form and multipurpose layout gave it presence, but baseball was always sharing the frame. The 1984 expansion and the 1997 football-oriented enclosure pushed the stadium further toward scale and event capacity. Each change made sense for a shared facility, yet each made the Padres' home feel less like a place shaped around baseball. The more the building served football and regional spectacle, the more baseball became one tenant inside a larger civic container.

Petco Park superseded it because the sport had moved in the opposite direction. By 2004, MLB valued downtown specificity, baseball-only geometry, premium spaces, and district-making over the open-ended flexibility of a valley stadium. San Diego Stadium matters because it captures the city's first major-league bargain: use regional infrastructure to get into the national sports map, then later replace that bargain with a park built to make baseball feel local again."
Anaheim Stadium,Angel Stadium of Anaheim,"Anaheim Stadium was built so the Angels could stop being guests in someone else's baseball story. After beginning at Los Angeles Wrigley Field and then Dodger Stadium, the franchise needed a permanent home separate from the Dodgers' civic and architectural shadow. Anaheim offered land, room, and a different Southern California identity: suburban, automobile-oriented, and tied to Orange County's rapid postwar growth rather than to downtown Los Angeles.

The original stadium made sense as an expansion-era building. It was open-air, modern, and regional in its assumptions, with a large site that could welcome fans by car and give Anaheim a major-league address of its own. It did not try to reproduce an older neighborhood ballpark. It treated baseball as part of a new suburban civic landscape, where access and identity came through highways, parking, and the emerging entertainment geography around Anaheim.

The building's later history is what makes it especially revealing. The 1979-1981 Rams conversion enclosed and enlarged the stadium, bending it toward the multipurpose logic of football capacity and shared use. That change made the venue more efficient as an event container but less distinct as a baseball setting. Then the 1996-1998 Disney-era renovation reversed much of that enclosure, restoring a baseball-only feel while adding themed entertainment elements and premium infrastructure.

Few active MLB parks show so clearly how one structure can pass through several stadium eras. Anaheim Stadium began as a suburban expansion park, became a football-influenced multipurpose bowl, then was renovated into a retro-era entertainment venue without losing its original site. Its importance comes from that layering. The Angels' home is not pure, and that is exactly why it is useful: it records how baseball's expectations kept changing around the same concrete frame."
Yankee Stadium (1923),Yankee Stadium (1923),"Yankee Stadium was built because the Yankees had become too large for borrowed space. After Hilltop Park and the Polo Grounds, the franchise needed a home that could match the scale of its ambitions and the crowd it expected to command. The 1923 stadium in the Bronx was not merely a new ballpark; it was a declaration that baseball could occupy monumental civic architecture.

Its urban site beside 161st Street and River Avenue gave the building a metropolitan intensity that older grounds could not match. The triple-deck structure, limestone and concrete exterior, and frieze made the stadium feel less like a neighborhood enclosure than a public institution. It belonged to the jewel-box lineage in age and baseball specificity, but its scale pushed beyond the intimacy usually associated with that era. Yankee Stadium turned a ballpark into a capital building for a franchise.

The 1974-1975 reconstruction is essential to its story because it showed both the power and fragility of that monument. The renovated stadium preserved the address and symbolic identity while changing the building's physical character. Seating, facade, scoreboard, club, lighting, and amenity upgrades kept it viable for the late twentieth century, but the process also made clear that memory and modern operations were not easy partners.

The 2009 Yankee Stadium succeeded it not because the original lacked meaning, but because meaning alone could not supply the premium inventory, infrastructure, and controlled environment the modern Yankees wanted. The old stadium's demolition closed one of baseball's most famous architectural chapters, but it also revealed how franchise memory had become a design asset. The replacement carried forward the monumental vocabulary, proving that the 1923 building had become more than a venue: it had become a brand language powerful enough to be rebuilt across the street."
Shea Stadium,Shea Stadium,"Shea Stadium was built to restore National League baseball to New York after the departures of the Dodgers and Giants, but it also belonged to a broader 1960s faith in large public facilities. The Mets needed a permanent home after the Polo Grounds, and the city wanted a stadium that could serve more than baseball. The result was a colorful, modern, multipurpose venue tied to Queens, parkland, and the World's Fair-era image of metropolitan progress.

Its Flushing Meadows setting placed baseball in a civic landscape rather than a traditional neighborhood. That choice made sense for a city thinking at metropolitan scale: parkways, open land, public events, and shared facilities all mattered. Shea gave the Mets their own address, but it did so in a setting defined by circulation and public grounds rather than by the close street texture that had shaped older New York ballparks.

The building's compromises were visible from the beginning. Its open-air multipurpose form could accommodate baseball and football, and its color-panel facade gave the exterior a distinctive 1960s optimism. Yet baseball had to live inside a geometry designed for flexibility. Scoreboard, seating, luxury, lighting, field, and amenity upgrades helped the stadium age with the Mets and Jets, but they could not turn Shea into a baseball-specific park.

Citi Field replaced it in 2009 as part of MLB's larger turn away from multipurpose scale and toward curated baseball identity. The successor kept the Mets in the same broad district while reducing the sense of sheer municipal apparatus. Shea matters because it captured a moment when New York's answer to baseball loss was not nostalgia, but a big public structure for a new borough identity. Its demolition marked the end of that confidence and the rise of a more controlled, historically referential stadium culture."
Riverfront Stadium,Riverfront Stadium,"Riverfront Stadium was Cincinnati's modern replacement for the long and irregular lineage that led through Crosley Field. The Reds had occupied a sequence of older grounds, but by 1970 the city wanted a facility that fit a different civic vision: downtown riverfront redevelopment, shared use, large crowds, and the efficiency of a circular multipurpose stadium. The result was a concrete bowl that placed baseball inside a broader public project.

The site was the message. Cincinnati kept baseball on the Ohio River, but changed the meaning of that riverfront presence. Instead of the intimate, eccentric scale of Crosley Field, Riverfront offered a downtown civic platform shared with football and tuned to automobile-age event management. It was part of the era when cities believed major venues could reshape urban edges through scale, infrastructure, and all-purpose design.

Its circular form made the bargain plain. Artificial turf, symmetrical geometry, football conversion, seating changes, scoreboards, luxury areas, and later partial seating removal all reflected a building trying to serve several masters. It could host major events and accommodate two franchises, but the baseball experience was generalized. The very features that made it modern in 1970 made it vulnerable when MLB began to prize asymmetry, intimacy, and local architectural reference.

Great American Ball Park succeeded it in 2003 without abandoning the riverfront. That is the important contrast. Cincinnati did not decide the river was wrong; it decided the multipurpose bowl was wrong. The successor used the same broad civic setting to produce a more baseball-specific experience. Riverfront Stadium matters because it shows how one site can carry two very different theories of baseball: first as a shared concrete apparatus, then as a riverfront ballpark built to recover character from the same ground."
Tiger Stadium,Tiger Stadium,"Tiger Stadium began as Navin Field in 1912 and grew into one of baseball's most forceful urban ballparks. It replaced Bennett Park with a steel, concrete, and brick structure that could expand with Detroit and with the ambitions of the Tigers. Its later names, Briggs Stadium and Tiger Stadium, mark more than ownership changes. They trace how one corner at Michigan and Trumbull became a long-running civic address for Detroit baseball.

The site gave the park its power. Tiger Stadium was not set apart in a sports complex or designed as a regional object. It was embedded in the city, with the field and grandstands pressed into an urban block. That compression produced unusual geometry, layered decks, and the famous sense that the building was almost too much structure for its site. Baseball there felt vertical, close, and enclosed by the city around it.

Its expansions in the 1930s and later updates for lights, scoreboards, seating, and structure showed how an early ballpark could be enlarged into something more monumental without becoming a modern multipurpose stadium. But those same layers also made the building harder to adapt indefinitely. By the late twentieth century, the park's age, constraints, and limited modern revenue spaces worked against it, even as they remained central to its character.

Comerica Park succeeded it in 2000, moving the Tigers into a downtown retro-classic setting with more contemporary amenities and a different spatial logic. Tiger Stadium's demolition in 2009 closed a chapter that had outlasted almost every normal stadium cycle. Its value in the anthology is that it shows the jewel-box idea at full urban intensity: not merely quaint or nostalgic, but dense, muscular, and eventually too physically specific for the business model that followed."
Royals Stadium,Kauffman Stadium,"Royals Stadium was unusual for its era because Kansas City chose a sports-complex model without making baseball share a multipurpose bowl. After Municipal Stadium, the Royals moved into a new public complex that separated baseball and football into neighboring venues. That decision gave the franchise a modern home while avoiding the worst geometric compromises that defined many 1970s stadiums.

The site reflected a regional theory of attendance. Rather than embed the park in a downtown grid, Kansas City placed it in a sports-complex landscape where automobile access, parking, and event scale could be managed directly. The setting made baseball part of a broader metropolitan destination rather than a neighborhood habit. That was very much of its time, but the building itself took a different path from the circular concrete stadiums of the same decade.

Its modernist baseball-only form and fountain-focused identity gave Royals Stadium a clarity that many contemporaries lacked. It gained the access and capacity of the sports-complex age while preserving a field shaped primarily for baseball. The design bargain was still real: the park sacrificed urban intimacy and walkable texture for regional convenience and controlled arrival. But inside the bowl, baseball did not have to compete with football geometry in the same way it did at Riverfront, Three Rivers, or Veterans Stadium.

The 2007-2009 renovation reinforced that original strength rather than replacing it. Scoreboard, concourse, fountain, outfield, seating, club, and amenity upgrades made the park more compatible with contemporary MLB expectations while preserving its essential form. Royals Stadium, now Kauffman Stadium, matters because it complicates the 1970s story. It shows that the era's appetite for suburban-scale infrastructure did not always require a multipurpose compromise."
Cleveland Municipal Stadium,Municipal Stadium,"Cleveland Municipal Stadium was built from civic ambition before modern stadium specialization had fully taken hold. It did not replace League Park because baseball alone demanded a new home; it was conceived as a vast lakefront public stadium for baseball, football, boxing, and large civic spectacle. When MLB used it, baseball occupied a building whose scale and purpose were broader than the sport itself.

The lakefront site gave Cleveland a monumental address, but it also changed the relationship between team and city. League Park had been a more intimate neighborhood ballpark. Municipal Stadium placed baseball beside civic infrastructure, rail, port, and downtown lakefront space, making the game part of a larger public landscape. It was a building for a city imagining itself through big shared institutions rather than through the smaller grain of older ballpark urbanism.

That ambition came with a cost. The stripped-classical exterior and huge open-air bowl gave the stadium presence, but baseball could feel dwarfed inside it. Lighting, seating, scoreboard, field, football, and tenant-specific updates kept the building active for decades, yet they did not change the basic mismatch: a sport built on field-level intimacy inside a stadium designed for mass civic use.

Jacobs Field, later Progressive Field, succeeded it in 1994 with the opposite premise. Baseball returned to a downtown setting, but in a building scaled and shaped for the game. Cleveland Municipal Stadium matters because it sits at an important hinge before the familiar postwar multipurpose boom. It shows that the tension between civic monument and baseball intimacy was already present long before the concrete doughnuts of the 1970s made that problem routine."
Three Rivers Stadium,Three Rivers Stadium,"Three Rivers Stadium came from the same civic bargain that shaped many 1970s baseball cities: trade the old, particular ballpark for a larger public facility that could serve more than one team, more than one sport, and more than one version of the modern spectator economy. Forbes Field had given Pittsburgh a distinctive baseball address, but it belonged to an earlier city and an earlier business model. Three Rivers replaced that intimacy with shared infrastructure: one circular concrete stadium for the Pirates and Steelers, built on the riverfront and sized for the era of multipurpose public works.

The site mattered because it made the stadium part of a broader downtown-edge civic landscape rather than a neighborhood ballpark. Pittsburgh's baseball geography moved from the layered campus-and-city setting of Forbes Field to a riverfront venue defined by scale, access, and event management. That choice fit the period. Cities wanted facilities that could concentrate crowds, justify public investment, and handle football as readily as baseball. The rivers gave the stadium a dramatic address, but the building itself treated place in the blunt language of the multipurpose era: a big symmetrical vessel, adaptable enough to host different games and generic enough to flatten their differences.

Its circular form was not an accident; it was the point. Artificial turf, shared seating geometry, football and baseball updates, suites, scoreboards, and other improvements kept the building useful, but usefulness was also its limitation. Baseball at Three Rivers was framed by compromise. The field existed inside a larger machine whose priorities were capacity, conversion, and repeatable operations rather than baseball-specific character.

PNC Park, its successor, reads almost like a rebuttal written on the same riverfront. Where Three Rivers centralized and generalized, PNC specialized and opened itself to a more particular civic image. That contrast is why Three Rivers remains valuable in a stadium anthology. It shows how thoroughly one generation believed in the efficiency of shared concrete infrastructure, and how decisively the next generation turned back toward asymmetry, intimacy, and a ballpark that could belong to baseball first."
Veterans Stadium,Veterans Stadium,"Veterans Stadium was Philadelphia's answer to a problem many older baseball cities faced by the late 1960s: the neighborhood ballpark no longer seemed big, flexible, or convenient enough for the business professional sports was becoming. The Phillies had outgrown Shibe Park, later Connie Mack Stadium, not only in seating and amenities but in the civic imagination. The city wanted something larger, publicly owned, easier to reach by car, and capable of serving both baseball and football. The result was not a ballpark in the old sense, but a municipal sports instrument: broad, circular, concrete, and built to handle crowds as efficiently as possible.

Its South Philadelphia sports-complex setting was part of the design logic. Rather than threading baseball back into a dense neighborhood, the city concentrated major venues in a district organized around regional access, parking, and event management. That choice changed the relationship between the Phillies and Philadelphia. Baseball became less attached to a particular street corner and more attached to a metropolitan gathering place, where the approach, the lots, and the neighboring football infrastructure were all part of the experience. Veterans Stadium made sense in an era that valued capacity, multipurpose use, and civic scale more than architectural warmth.

The building's Brutalist circular form carried the strengths and weaknesses of that era plainly. It was durable, symmetrical, and adaptable, with artificial turf, football geometry, scoreboard upgrades, suites, and concessions added or revised as the economics of sports changed. But the same qualities that made it practical also made it blunt. Baseball had to share the geometry. The field sat inside a larger all-purpose machine, and the intimacy of Shibe Park was replaced by a more distant, managed spectacle.

By the time Citizens Bank Park succeeded it in 2004, Veterans Stadium had become a clear example of what the next generation of MLB parks was rejecting. The retro-classic movement did not merely replace old concrete; it restored asymmetry, baseball-specific sightlines, local architectural cues, and a stronger sense of place. Veterans Stadium matters because it shows the peak logic of the multipurpose era: a city betting on efficiency, shared infrastructure, and public scale, then eventually deciding that baseball needed something more particular again."
Memorial Stadium,Memorial Stadium,"Memorial Stadium gave Baltimore a postwar civic stage before Camden Yards taught MLB a different lesson. It was built through a major 1950s reconstruction into a municipal memorial stadium with a monumental classical frontage, serving baseball and football in a structure meant to carry public meaning as well as crowds. For the Orioles, it provided the major-league setting that earlier Baltimore baseball had lacked in the modern era.

Its urban site kept the stadium within the city, but not in the same way as a tight jewel-box park. Memorial Stadium was broader, more formal, and more institutional. The building's memorial character and reinforced concrete mass made it feel like civic infrastructure, a place where baseball was one expression of public gathering rather than the sole organizing idea.

The design bargain was typical of its moment. Baltimore gained scale, permanence, and a shared venue that could support two major sports. Baseball gave up some of the intimacy and specificity that later generations would come to value again. Scoreboards, lighting, seating, and football/baseball updates kept the stadium useful, but the building's underlying logic remained municipal and multipurpose.

Oriole Park at Camden Yards replaced it in 1992 and changed the terms of the national conversation. The Orioles did not simply move into a newer facility; they moved from postwar civic stadium to retro-classic downtown ballpark, from memorial frontage to warehouse-district character, from shared municipal scale to baseball-specific urban texture. Memorial Stadium matters because it provides the before image for Camden Yards. Without it, the revolution that followed looks less dramatic."
Mile High Stadium,Mile High Stadium,"Mile High Stadium's place in MLB history is brief but revealing. It was not built to be the Rockies' permanent home; it was an adaptable open-air multipurpose stadium pressed into service while Denver proved it could support major-league baseball and while Coors Field was being built. That temporary role makes it different from most stadiums in the anthology. Its importance lies in transition rather than permanence.

The west-side urban-edge setting matched the building's regional function. Denver's new franchise needed a venue that could hold enormous crowds immediately, and Mile High already had the scale, access, and event infrastructure to do it. The stadium's expandable and movable-grandstand engineering, shaped largely by football and other uses, became a way to bridge the gap between expansion award and baseball-specific construction.

The bargain was straightforward. Mile High gave the Rockies capacity and instant legitimacy, but not a true baseball home. Its multipurpose form could adapt, but adaptation is not the same as belonging. Baseball there was provisional, staged inside a building whose history and geometry pointed elsewhere. That did not make the experience unimportant; it made it a public test of Denver's appetite for MLB.

Coors Field succeeded it in 1995 with a completely different argument: downtown, baseball-only, retro-classic, and designed around the rhythms of the new franchise rather than borrowed from another sport. Mile High Stadium matters because it captures the launch phase of expansion baseball. It shows that sometimes a temporary home is not a footnote but the proof of concept that makes the permanent ballpark possible."
Coors Field,Coors Field,"Coors Field was Denver's answer to the temporary success of Mile High Stadium. The Rockies had already shown that major-league baseball could draw in Colorado; the question was what kind of permanent park could turn that first rush of attendance into an identity. Coors Field supplied the answer: a downtown, baseball-only ballpark with warehouse-district materials, exposed steel, brick, sandstone, and enough scale to feel regional without becoming another multipurpose bowl.

The site moved the Rockies from a borrowed football-centered venue into the fabric of downtown Denver. That mattered for a new franchise trying to feel less temporary. The ballpark's location and materials tied it to a city district rather than to an abstract sports complex, while its elevation and open-air form gave the park a regional condition no design could ignore. Baseball in Denver would be urban, but also unmistakably shaped by altitude and climate.

The design bargain was characteristic of the retro-classic moment. Coors Field borrowed the visual language of older urban ballparks while serving the needs of a 1990s expansion franchise: capacity, concessions, premium spaces, and a strong entertainment setting. Later additions such as the Rooftop deck and other club, scoreboard, seating, and social-space upgrades show how the building kept adjusting toward the more casual, revenue-rich stadium culture that followed.

Coors Field remains important because it made the Rockies feel permanent without needing the monumental heaviness of earlier civic stadiums. It translated Denver's expansion moment into a ballpark that could belong to downtown, to the National League, and to the broader retro-classic wave all at once."
Progressive Field,Progressive Field,"Progressive Field replaced Cleveland Municipal Stadium by rejecting almost everything that had made the old lakefront bowl imposing. The previous stadium had been vast, civic, and multipurpose; Jacobs Field, as it opened in 1994, was downtown, baseball-only, and scaled to make the game feel close again. Cleveland did not abandon public ambition. It redirected it into a ballpark designed around baseball rather than civic mass.

The downtown site was central to that shift. Instead of returning to the lakefront monument, the new park became part of a more focused urban development strategy. Its painted exposed steel, brick accents, and industrial expression connected the stadium to Cleveland's material character without pretending to be an old jewel box. It belonged to the retro-classic movement, but its language was sharper and more modern than pure nostalgia.

The building's bargain was to give Cleveland intimacy and urban energy while still delivering the premium and operational machinery of a contemporary MLB venue. It corrected the scale problem of Municipal Stadium, but it also had to keep evolving as fan behavior changed. The 2015-2016 renovation and later 2020s work to upper decks, social spaces, clubs, bullpens, and neighborhood connections show the park being tuned from a 1990s ballpark into a more flexible twenty-first-century environment.

Progressive Field matters because it captures the early retro era at a moment when the movement was still experimental rather than formulaic. It was not just a picturesque replacement for concrete. It was a practical re-scaling of baseball in Cleveland: from a huge public bowl where baseball could feel like one event among many, to a downtown park that made the game the organizing principle again."
Comerica Park,Comerica Park,"Comerica Park faced a difficult inheritance. Tiger Stadium had given Detroit one of baseball's most intense urban ballparks, dense with history and physically locked into its corner at Michigan and Trumbull. Replacing it meant solving modern facility needs without pretending that a new building could simply reproduce the old one. Comerica Park chose a different kind of permanence: downtown, retro-classic, larger in footprint, and built to carry both baseball and civic symbolism into a new era.

The move from Tiger Stadium's neighborhood block to Woodward Avenue changed the Tigers' relationship to Detroit. The new park belonged to a broader downtown setting rather than to the compressed geometry of one old corner. Its brick, stone tiger-head ornament, large-scale traditional massing, and open-air baseball-only form gave the building a recognizable ballpark language while making room for contemporary concourses, clubs, scoreboards, and fan amenities.

The design bargain was visible from the start. Comerica gained space, comfort, and modern revenue infrastructure, but it could not replicate Tiger Stadium's vertical intimacy or accumulated strangeness. Later changes to scoreboards, outfield dimensions, seating, clubs, fences, social spaces, and player facilities show a park still being adjusted after opening, especially where the original design's spaciousness needed more energy or sharper baseball character.

Comerica Park matters because it illustrates the emotional difficulty of the retro-classic replacement. It was not replacing an unloved multipurpose bowl; it was replacing a beloved old urban survivor. Its value in the anthology lies in that tension: a modern downtown ballpark trying to honor a city's baseball lineage while accepting that contemporary MLB required a very different building."
New Comiskey Park,Guaranteed Rate Field,"New Comiskey Park opened in 1991 at the edge of a stadium revolution and suffered for the timing. It replaced the old Comiskey Park, keeping the White Sox on the South Side while promising a modern baseball-only facility with more capacity, suites, parking, and contemporary amenities. But it arrived just before Camden Yards changed the model for what a new ballpark could be.

The location carried continuity and rupture at the same time. The team remained in its South Side baseball district, near the old park, but the experience shifted toward a more managed modern venue shaped by public financing, broader access, and a less intimate relationship to the surrounding streets. It was not a suburban stadium, but it adopted some of the late-modern assumptions that convenience, height, and capacity could substitute for the peculiar closeness of an older neighborhood park.

That was the design bargain, and it quickly became a problem. New Comiskey gained a clean baseball-only form, modern structure, and revenue spaces, but its upper deck, concrete scale, and relatively plain original character made it feel out of step almost immediately after the retro-classic movement took hold. The 2001-2007 renovation is therefore central to its story. The reduced upper deck, roof canopy, reworked concourses, seating, scoreboard, and fan areas were not routine updates; they were a correction toward the ballpark culture that arrived just after it opened.

Now Rate Field, the stadium matters because it is a transitional object. It shows what MLB thought it wanted just before Camden Yards redefined the target. Its history is not simply replacement of an old park, but the renovation of a new one to survive a design argument it had narrowly missed."
American Family Field,Miller Park,"American Family Field replaced County Stadium by addressing the two things Milwaukee's old municipal park could not control: weather and modern revenue. County Stadium had given Milwaukee a major-league identity and a regional tailgating culture, but by the end of the twentieth century it was exposed, aging, and limited by the economics of a smaller-market franchise. The Brewers needed a building that could protect attendance, expand premium spaces, and keep baseball viable through cold, uncertain spring weather.

The site choice was deliberately continuous. Rather than move downtown, Milwaukee kept baseball in the same west-side stadium district, preserving the regional driving patterns and parking-lot rituals that had become part of the club's identity. That decision makes the park different from the downtown retro-classic wave. Its brick, limestone, steel, glass, and fan-shaped retractable roof gave it a traditional ballpark vocabulary, but its geography remained tied to Milwaukee's older fairgrounds-adjacent, tailgating-oriented baseball culture.

The design bargain is the roof. It gives the Brewers certainty, comfort, and scheduling stability, but it also makes the building read less like a compact urban ballpark and more like a large mechanical shelter for a regional baseball event. Later scoreboard, seating, club, concession, infrastructure, roof, and winterization improvements have reinforced that practical role.

American Family Field matters because it shows how the retro era bent itself to local conditions. Milwaukee did not simply copy Camden Yards. It built a weather-protected successor that preserved County Stadium's regional habits while replacing its vulnerabilities. The park is a reminder that stadium evolution is not just aesthetic. In some cities, climate, market size, and tradition shape the architecture as much as nostalgia does."
Safeco Field,T-Mobile Park,"Safeco Field replaced the Kingdome by correcting the central contradiction of Seattle baseball: the city needed weather protection, but the Mariners needed a place that felt less like baseball inside a sealed multipurpose container. The Kingdome had provided cover and capacity, yet its fixed-dome form belonged to an era when flexibility often mattered more than texture. Safeco Field kept protection while reopening the game to air, views, and district character.

The site on the downtown industrial edge gave the new ballpark a vocabulary the Kingdome lacked. Brick, exposed steel trusses, and the massive retractable canopy connected the building to a warehouse-district setting without trapping it in a nostalgic costume. The roof was not meant to create an indoor stadium so much as an umbrella over an open-air park. That distinction shaped the entire identity of the building.

The design bargain was finely calibrated. Seattle gained a baseball-only venue with urban materials and better sightlines, while retaining the ability to manage rain. The roof, scoreboard, seating, club, video, hospitality, and fan-space improvements over time have kept the park aligned with contemporary MLB expectations, but the essential premise has remained intact: shield the event without enclosing the experience.

Now T-Mobile Park, the stadium matters because it represents one of the retro era's smarter adaptations to climate. It did not reject the lesson of the Kingdome entirely. It kept the need for protection and changed the architectural answer. In the anthology, it stands as a bridge between dome-era pragmatism and the later preference for city-facing, baseball-specific parks."
Petco Park,Petco Park,"Petco Park replaced Jack Murphy Stadium by moving the Padres out of regional infrastructure and into an urban redevelopment story. Mission Valley had given San Diego major-league scale, but it was a freeway-served multipurpose landscape where baseball shared identity with football and parking fields. Petco shifted the franchise downtown, making the ballpark part of East Village redevelopment and giving the Padres a more specific civic address.

The site decision shaped the architecture. Petco did not need to invent all of its character from scratch because the Western Metal Supply building gave the park a real urban anchor. Indian sandstone, stucco, white-painted steel, open concourses, and the preserved warehouse landmark produced a ballpark that felt contemporary without abandoning the retro-classic desire for texture and asymmetry.

The design bargain was to make baseball a district experience. Petco gained walkability, mixed urban edges, public open space, and a stronger relationship between ballpark and city. It also became part of a larger development project, where the stadium's value extended beyond the ticketed game. Later scoreboard, social-space, seating, outfield, premium-area, technology, and Gallagher Square renovations have only strengthened that broader role.

Petco Park matters because it shows the retro-classic movement maturing from ballpark design into urban strategy. It did not merely replace a multipurpose stadium with a prettier one. It changed what the Padres' home was supposed to do: not just host baseball, but help restructure a downtown district and make the franchise feel embedded in San Diego rather than parked beside its freeways. Its success depends on that expanded job description, where the park, the preserved warehouse, and the surrounding streets all share responsibility for the stadium's identity."
Great American Ball Park,Great American Ballpark,"Great American Ball Park replaced Riverfront Stadium without leaving Cincinnati's riverfront story behind. That is the key to understanding it. The Reds did not need a new geographic identity as much as a new architectural one. Riverfront had made sense as a shared concrete civic platform for baseball and football, but by the early 2000s its multipurpose symmetry, artificial turf inheritance, and large all-purpose scale no longer fit MLB's direction.

The new park kept baseball on the Ohio River while changing the meaning of that location. Instead of a circular stadium designed for conversion, Great American Ball Park offered an open-air baseball-only form with industrial and riverboat references, brick facades, cast stone, glass, and white-painted steel. The setting remained downtown and riverfront, but the experience became more particular to the Reds and to baseball.

The design bargain was typical of the retro-classic period but locally inflected. Cincinnati gained asymmetry, better intimacy, premium spaces, riverfront views, and a stronger connection to team history. It also became part of a broader downtown riverfront development environment, where plazas, garages, bridge movement, and neighboring venues all shaped arrival. Later scoreboard, club, seating, concession, social-space, and district upgrades have continued that evolution.

Great American Ball Park matters because it shows that replacing a multipurpose stadium did not always mean rejecting the old site. Sometimes the correction was architectural rather than geographic. Cincinnati kept the river and changed the container, turning the same civic edge from a shared concrete apparatus into a ballpark that could carry local references and modern baseball economics at once."
PNC Park,PNC Park,"PNC Park replaced Three Rivers Stadium with almost surgical clarity. The Pirates did not just move from one building to another; they moved from the multipurpose era's shared concrete logic to one of the most distilled examples of the retro-classic ballpark. Three Rivers had offered scale, football compatibility, and public infrastructure. PNC offered baseball first.

The riverfront site gave the new park a strong civic frame, but unlike Three Rivers, the building did not treat the rivers as scenery around a generic bowl. Its limestone facade, masonry arches, terra-cotta tile, brick bases, and green steel were composed to make the ballpark feel specific to Pittsburgh's bridges, topography, and civic materials. The site and architecture worked together rather than competing for attention.

The design bargain favored intimacy over capacity. PNC opened with fewer seats than many older parks, but gained sightlines, proportion, and a direct relationship between the field and the city beyond it. That choice reflected a broader shift in MLB economics: a smaller, better-designed park with premium areas and strong identity could be more valuable than a larger multipurpose stadium. Later scoreboard, club, seating, concession, outfield, social-space, and technology upgrades have expanded the park's contemporary functions without undoing its compact character.

PNC Park matters because it represents the retro-classic movement at its most disciplined. It is not simply old-fashioned styling applied to a new facility. It is a direct answer to what Three Rivers could not provide: a baseball-specific room where site, skyline, bridges, materials, and field geometry reinforce one another."
Fenway Park,Fenway Park,"Fenway Park survives as more than an old ballpark because it has never stopped being altered. Opened in 1912 after the Huntington Avenue Grounds, it gave the Red Sox a permanent home in Boston's urban fabric, but its long life has depended on constant adjustment. The park's identity comes from that tension: a jewel-box building whose constraints became treasured only because generations kept finding ways to work within them.

The site shaped everything. Fenway was fitted into a dense city setting, where block dimensions, street edges, and limited land produced asymmetry rather than polish. The Green Monster, compact grandstand, and neighborhood enclosure were not originally museum pieces. They were practical responses to urban limits. Later stadium eras would try to reproduce that kind of character, but Fenway's character came from actual pressure.

The 1934 rebuild and the long sequence of later changes to seats, the Monster, clubs, concourses, scoreboards, structure, accessibility, and preservation show how difficult survival has been. The park could not remain untouched and still function as an MLB venue. Every improvement has had to negotiate between old geometry and modern demands for revenue, comfort, safety, broadcast infrastructure, and player facilities.

Fenway matters because it rewrites the usual replacement story. Most parks this old were demolished when they became inconvenient. Fenway became more valuable because of its inconvenience, then had to be carefully modernized so that value could be used. It is not important merely because it is old. It is important because it shows how an old ballpark can become a living constraint around which modern baseball continues to organize itself."
Marlins Park,Marlins Park,"Marlins Park was built to solve a problem the franchise had carried since its beginning: the Marlins were playing baseball in a football stadium, in a climate that made open-air summer baseball difficult, with no permanent architectural identity of their own. Moving from Pro Player Stadium and Sun Life Stadium to a retractable-roof park in Miami gave the club control over weather, revenue spaces, and presentation.

The site on the former Orange Bowl footprint in Little Havana made the project civic as well as architectural. Rather than move to a suburban sports complex, Miami placed the park in an urban setting west of downtown. That choice gave the building a public role, but also placed it inside the politics and expectations that come with a publicly financed stadium trying to anchor more than baseball.

The design bargain was deliberately unlike the brick retro parks that preceded it. White modern surfaces, a retractable roof, climate control, large glass walls, and a sculptural contemporary form gave the building a Miami-specific image. It gained comfort and technical control, but its scale, financing, and highly managed interior made it feel less like a continuation of older ballpark traditions than a new kind of enclosed entertainment object.

The later removal of the home-run sculpture and updates to seating, scoreboards, clubs, field, and fan spaces show the park being refined after the first version proved too specific in some ways and not settled enough in others. Marlins Park matters because it exposes a different route for contemporary stadium design: not retro intimacy, but climate, spectacle, and civic controversy wrapped into one controlled environment."
Tropicana Field,Tropicana Field,"Tropicana Field is one of the strangest MLB stadium stories because it was not originally the answer to an existing major-league franchise's ordinary facility problem. It was a fixed-dome civic bet that St. Petersburg could build its way into major-league relevance. When the Rays arrived in 1998, the building finally had the tenant it had been waiting for, but it also carried the limitations of a late multipurpose dome adapted for baseball.

The downtown-edge site gave St. Petersburg a major sports address, yet the building's interior condition mattered more than its urban setting. The fixed roof, catwalks, artificial turf, and enclosed environment made climate control the defining experience. In Florida, shelter had obvious value, but the stadium's form also separated baseball from the outdoor conditions, views, and urban texture that the retro-classic era was beginning to restore elsewhere.

The design bargain was blunt. Tropicana Field offered certainty, shade, and a controllable interior, but at the cost of baseball-specific atmosphere. Field changes, catwalk adjustments, lighting, scoreboards, seating, turf, the ray tank, and fan-space updates have all tried to make the building more workable and more distinctive. Later storm-damage and relocation issues in the 2020s only reinforced the sense that the park has always existed under pressure.

Tropicana Field matters because it shows the limits of the dome-era solution at the moment baseball was moving away from it. It is not merely unpopular or odd; it is evidence of a civic strategy that valued landing a franchise and controlling climate more than producing a traditional ballpark. Its unresolved status makes it feel less like a completed stadium chapter than an argument baseball has never fully settled in Tampa Bay."
SunTrust Park,SunTrust Park,"SunTrust Park, now Truist Park, was built because the Braves wanted a different kind of control than Turner Field could offer. Turner Field had been adapted from Olympic infrastructure and remained tied to a city-owned stadium model. The move to Cumberland gave the franchise a baseball-only park integrated with a surrounding commercial district, closer to a large share of its suburban ticket base and more directly connected to year-round development revenue.

The site decision is the story. Instead of doubling down on downtown Atlanta, the Braves moved to an edge-city setting near the regional highway network, where the ballpark and mixed-use district could be planned together. That choice made the stadium less a standalone civic venue and more a real-estate platform. Baseball became the anchor for restaurants, offices, hospitality, structured parking, and controlled pedestrian activity.

The design bargain was powerful but revealing. The Braves gained a contemporary park with retro-classic cues and a surrounding entertainment district that could generate value beyond eighty-one home games. They also accepted a more privatized, managed form of urbanism, where the stadium experience is carefully concentrated around the commercial edges of the development. Ongoing technology, hospitality, premium seating, and district upgrades are part of the same logic.

SunTrust Park matters because it shows where the post-Camden Yards movement went once the ballpark itself was no longer enough. The question was not only how to design a good venue, but how to own and monetize the land around it. In the anthology, it marks a shift from ballpark-as-building to ballpark-as-district."
Nationals Park,Nationals Ballpark,"Nationals Park was built to turn Washington's restored MLB franchise from a temporary arrangement into a permanent civic presence. RFK Stadium could hold the team after baseball returned to the city, but it was a multipurpose holdover, not a long-term home. The new park gave the Nationals a baseball-specific building and tied the franchise to the redevelopment of the Anacostia riverfront.

The site choice mattered as much as the architecture. By placing the ballpark in the Navy Yard and Capitol Riverfront area, Washington used baseball as part of a larger urban transformation. The stadium was not asked merely to host games; it was expected to help anchor new streets, housing, entertainment, and waterfront activity. That role placed it within the contemporary mixed-use era rather than the earlier retro-classic model of charm and enclosure alone.

Architecturally, Nationals Park took a restrained modern approach. Limestone-toned civic materials, open-air form, riverfront orientation, and modern infrastructure gave the building a Washington character without leaning heavily on nostalgic imitation. It gained flexibility, public visibility, and development leverage, while sacrificing some of the immediate intimacy and texture associated with older or more richly detailed retro parks.

Later scoreboard, social-space, club, seating, concession, and neighborhood-access upgrades reflect the way the surrounding district matured around the ballpark. Nationals Park matters because it shows a newer stadium logic: the park as a permanent home for a restored franchise and as an instrument of riverfront redevelopment. Its success is measured not only by the seating bowl, but by how thoroughly the city grew into the site around it."
Citi Field,Citi Field,"Citi Field replaced Shea Stadium by narrowing the Mets' architectural identity. Shea had been a large, colorful, multipurpose public stadium tied to World's Fair-era Queens. Citi Field kept the franchise in Flushing Meadows but moved toward a more curated baseball environment, reducing scale and wrapping the Mets in a retro-classic language shaped partly by memory of Ebbets Field.

The site decision preserved continuity. The Mets did not leave the parkland-adjacent stadium district of Queens, with its broad regional access and neighboring sports infrastructure. Instead, the new building tried to make that same district feel more baseball-specific and less municipal. The monumental entrance gave the park an image of tradition, even though the surrounding geography remained closer to Shea's world than to a dense Brooklyn street grid.

That tension is the design bargain. Citi Field gained intimacy, premium spaces, controlled plazas, improved concessions, and a more recognizable architectural identity. It also inherited a site that could never fully deliver the neighborhood texture its retro references suggested. Center-field changes, scoreboard updates, seating adjustments, outfield wall revisions, plaza work, club upgrades, and fan-space improvements have continued to tune the building after opening.

Citi Field matters because it shows both the power and the limits of retro reference. It replaced a multipurpose stadium with a baseball-only park, but it also revealed how memory can become complicated when architecture borrows from one lineage while serving another franchise in another borough. The result is not simply nostalgic. It is a modern stadium trying to manufacture intimacy in a district built for scale."
Yankee Stadium (2009),Yankee Stadium (2009),"Yankee Stadium replaced the 1923 stadium by turning memory into infrastructure. The old building, even after its 1970s reconstruction, could no longer provide the premium spaces, circulation, technology, and controlled revenue environment the Yankees wanted. But the franchise could not simply leave its visual inheritance behind. The new stadium had to be modern and familiar at the same time.

The site directly across from the original made that balancing act possible. The Yankees stayed in the Bronx, near the same dense urban baseball geography, while gaining a larger and more controlled building. The architecture used the old stadium's monumental facade language and civic scale, not as preservation but as brand continuity. It made history legible at the surface while replacing the operational core almost entirely.

The design bargain was expensive and deliberate. Yankee Stadium gained luxury seating, clubs, social areas, Monument Park, museum space, improved field-level amenities, and the infrastructure of a modern revenue machine. It sacrificed the accumulated physical irregularity and public memory of the old stadium, substituting a more polished version of the same symbolic language.

Its later scoreboard, seating, fan-space, club, social-area, and field-level improvements show a building still being adjusted like any other contemporary park. But its larger meaning was fixed at opening: this was not a retro ballpark in the ordinary sense. It was a franchise monument. Yankee Stadium matters because it shows how stadium replacement can preserve image while replacing substance, and how memory itself became one of the most valuable materials in modern MLB architecture."
Citizens Bank Park,Citizens Bank Park,"Citizens Bank Park replaced Veterans Stadium by bringing Phillies baseball back down to scale without leaving the South Philadelphia sports complex. The Vet had embodied the multipurpose civic logic of the 1970s: large, shared, durable, and blunt. By 2004, the Phillies needed a baseball-specific park with better sightlines, stronger concessions, premium spaces, and a local identity that the circular concrete bowl could never provide.

The site decision preserved the city's sports geography. Philadelphia did not move the Phillies into a downtown neighborhood or a riverfront redevelopment district. It kept baseball in the same sports-complex landscape, surrounded by the broader event infrastructure of South Philadelphia. That continuity makes Citizens Bank Park different from many retro-classic successors. It changed the building type more than the urban model.

The architecture worked to soften and localize that setting. Brick, rowhouse and industrial cues, open-air baseball-only geometry, and outfield social spaces gave the park texture inside a district still shaped by parking, highways, and neighboring venues. The design bargain was clear: gain baseball intimacy and local reference while accepting that arrival and context would remain sports-complex rather than neighborhood-integrated.

Later scoreboard, concession, seating, outfield, club, social-space, and technology upgrades have pushed the park further into the contemporary fan-experience economy. Citizens Bank Park matters because it shows that the rejection of the multipurpose era did not require abandoning the old stadium district. Philadelphia kept the geography of the Vet and replaced its architectural values, turning a site once dominated by shared concrete scale into a more particular home for baseball."
Oriole Park at Camden Yards,Camden Yards,"Oriole Park at Camden Yards was not just Baltimore replacing Memorial Stadium. It was MLB changing its mind about what a new ballpark should be. Memorial Stadium had the civic scale and shared-use logic of the postwar municipal era, but by the early 1990s that model no longer fit the direction of baseball. The Orioles' new park moved away from the large municipal multipurpose template and toward something more specific: downtown, open-air, baseball-only, and visually tied to older urban fabric.

The location did much of the work. A downtown site allowed the ballpark to participate in the city rather than sit as an isolated sports object. Its warehouse-district industrial character gave the architecture something real to answer to, which separated Camden Yards from later parks that would imitate retro style without the same urban pressure. The building did not merely borrow old ballpark imagery. It used brick, steel, scale, and asymmetry to make a modern stadium feel as though it belonged to a longer city history.

That was the design bargain. Camden Yards gained intimacy, texture, and a sense of place, while still serving contemporary MLB needs for suites, clubs, concessions, scoreboards, and controlled circulation. It proved that nostalgia did not have to mean a literal replica; it could be a way to reorganize modern stadium economics inside a more legible baseball setting. The park's later renovations and lease improvements have continued that negotiation, updating social spaces and concourses without changing the basic argument.

Its influence is hard to overstate within this collection because so many later parks are, in some way, responding to it. Citizens Bank Park, PNC Park, Great American Ball Park, Comerica Park, and others all belong to a world Camden Yards helped make possible. The park matters because it turned rejection into precedent: rejection of the concrete multipurpose bowl, rejection of placelessness, and rejection of the idea that modern baseball had to look detached from the city around it."
Minute Maid Park,Minute Maid Park,"Minute Maid Park replaced the Astrodome by revising Houston's relationship with enclosure. The Astrodome had been the great fixed-dome experiment, a technological answer to climate, spectacle, and multipurpose ambition. By 2000, the Astros needed a park that could keep weather control while moving away from the sealed abstraction of dome-era baseball. The new building made the roof retractable and the setting downtown.

The site gave the ballpark an anchor the Astrodome did not have in the same way. Built around historic railroad-station architecture, Minute Maid Park used downtown Houston and rail imagery to give a contemporary retractable-roof stadium a more grounded identity. The building did not reject technology; it wrapped technology in a retro-classic language of brick, steel, glass, and industrial reference.

The design bargain produced one of the era's more layered parks. Houston gained climate protection, a baseball-only setting, historic adaptive cues, premium spaces, and downtown visibility. It also inherited some eccentricities from the attempt to make a large retractable-roof building feel intimate and characterful, most famously the center-field condition later changed with the removal of Tal's Hill.

The center-field renovation, scoreboard and premium-space upgrades, roof work, and other fan-experience improvements show a building still editing its original experiments. Minute Maid Park matters because it sits between two stadium futures: the Astrodome's total environmental control and the retro era's desire for urban character. It is Houston translating the dome idea into a more baseball-specific and city-facing form, while acknowledging that in this climate the old dream of controlled baseball never fully disappeared."
Globe Life Field,Globe Life Field,"Globe Life Field replaced a relatively young ballpark because comfort and event control had become more valuable than open-air tradition in North Texas. The Ballpark in Arlington had given the Rangers a retro-classic outdoor home, but heat, revenue demands, and the growth of the surrounding entertainment district pushed the franchise toward a new retractable-roof building. This was not the usual story of an obsolete old stadium. It was replacement driven by climate, business model, and district strategy.

The Arlington site remained central. The Rangers did not abandon their suburban sports-and-entertainment geography; they intensified it. Globe Life Field joined a mixed-use district where baseball, football, parking, hospitality, and year-round events could reinforce one another. The stadium's transparency and contemporary roofed form fit that newer model of controlled regional entertainment.

The design bargain is direct. Globe Life Field gains climate reliability, premium inventory, event-hosting flexibility, and comfort in a market where summer weather can shape attendance and experience. It sacrifices the open-air romance and architectural distinctiveness of its predecessor. The building is less about recreating old ballpark texture than about making baseball viable inside a larger commercial and climatic system.

Because it opened in 2020, its meaning is still forming, but ongoing technology, premium, and event-hosting updates already point to its role. Globe Life Field matters because it shows that the retro-classic wave was not the end of stadium evolution. In some markets, the next correction was not more nostalgia or more urbanism, but more control: roof, climate, district, and revenue all under one contemporary shell."
Rogers Centre,Rogers Centre,"Rogers Centre belongs to a different dream of modern baseball than the retro parks that soon followed it. Opened in 1989, it was a high-tech multipurpose stadium built for a downtown Toronto setting, with a retractable roof that made weather control part of the spectacle. Exhibition Stadium had been the predecessor, but the new building promised something more ambitious: baseball, football, concerts, civic events, and climate management inside one enormous piece of urban machinery.

Its downtown placement gave the stadium a public visibility that many multipurpose parks lacked. Rather than occupy a remote sports complex, it sat in the central city, where scale and engineering could become part of Toronto's late twentieth-century image. The roof was not a minor feature; it was the building's premise. In a northern city, a retractable dome offered certainty without fully surrendering the idea of open-air baseball. That bargain made sense for its moment, when cities were still willing to imagine the future of sport as technologically expansive, multipurpose, and enclosed when necessary.

But the same qualities that made the building impressive also made it difficult to keep aligned with baseball's next phase. Rogers Centre was not born from the retro-classic turn toward intimacy, asymmetry, and neighborhood texture. It was big, flexible, and engineered at a scale that treated baseball as one use among several. Over time, that flexibility became less valuable than baseball-specific experience. The major 2023-2025 renovations to outfield districts, seating bowl, clubhouses, premium areas, video boards, and fan amenities reveal the shift: the building has had to be edited toward baseball rather than merely maintained.

That makes Rogers Centre especially useful in the stadium timeline. It is not simply the last gasp of the multipurpose idea or an early retractable-roof experiment. It is a surviving high-tech stadium being retrofitted into a more specialized ballpark culture. Its story is not replacement, at least not yet, but conversion: a building from one future of baseball being steadily adapted to fit another."
Target Field,Target Field,"Target Field replaced the Metrodome by returning Twins baseball to weather, light, and the city. The Metrodome had solved Minnesota's climate problem through enclosure and multipurpose efficiency, but it gave baseball a football-shaped interior and an artificial sense of place. Target Field chose the harder path: an outdoor ballpark in Minneapolis, fitted onto a constrained downtown site.

The location is central to its success. Rather than seek a broad suburban tract or repeat the dome's interior certainty, the Twins accepted infrastructure pressure on the western edge of downtown. Rail lines, highways, parking structures, and warehouse-district edges made the site complicated, but those constraints also gave the park its identity. It feels assembled into the city rather than placed on top of it.

The design bargain was regional as much as architectural. Target Field gained open-air baseball, local limestone materials, downtown access, and a more intimate relationship between game and city. It sacrificed weather certainty, which had been the Metrodome's central promise. That risk was part of the point. The franchise chose to make Minnesota's climate visible again, turning cold nights, summer evenings, and urban arrival into part of the baseball experience.

Scoreboard, club, seating, social-space, concourse, lighting, and plaza improvements have kept the park evolving within that compact frame. Target Field matters because it shows contemporary ballpark design using constraint as a strength. It did not simply replace a dome with a prettier building. It reversed the Metrodome's bargain, deciding that exposure, specificity, and city texture were worth the complications they brought."
Chase Field,Chase Field,"Chase Field was built to launch major-league baseball in Phoenix with a building that could survive the desert. Unlike many parks in the anthology, it did not replace a long MLB lineage. It created one, giving the Diamondbacks an expansion home with a retractable roof, downtown scale, and the environmental control required for summer baseball in Arizona.

The downtown site gave the new franchise immediate civic visibility. Phoenix could have treated climate control as a reason to isolate the ballpark, but Chase Field was placed near the city's central event infrastructure. Its retro-modern, warehouse-scale massing gave the building a large civic presence, while the roof made clear that baseball here would depend on engineering as much as tradition.

The design bargain was unavoidable. The Diamondbacks gained a viable summer venue, shade, cooling, hospitality spaces, and a downtown home. They also accepted the challenge of making a huge retractable-roof building feel like a ballpark rather than an indoor event shed. The pool and other distinctive hospitality features reflected the expansion-era appetite for spectacle and regional branding.

Later center-field changes, seating updates, synthetic turf conversion, scoreboard and premium-area upgrades, and continued work around the building show a park still adjusting to its own scale and climate. Chase Field matters because it demonstrates how expansion baseball in the late 1990s had to be regional, technical, and marketable all at once. In Phoenix, MLB did not adapt an old ballpark idea; it built an environmental machine and then kept revising it into a more usable baseball home."
Busch Stadium,Busch Stadium,"Busch Stadium replaced the circular multipurpose Busch Memorial Stadium by giving St. Louis baseball a more particular downtown frame. The Cardinals had long occupied a series of homes, but by 2006 the old concrete bowl no longer matched the franchise's sense of tradition or MLB's facility economics. The new park kept the team downtown while reshaping the experience around baseball-specific geometry, premium inventory, and surrounding development.

The site decision preserved the central city as part of the Cardinals' identity. Rather than retreat to a suburban complex, St. Louis used the new ballpark to reinforce downtown baseball and to set up Ballpark Village. The architecture's civic arch and Mississippi River bridge references worked to connect the park to local imagery, even as the building served contemporary revenue and hospitality needs.

The design bargain was to make the stadium both venue and urban anchor. Busch gained open-air baseball, views, club spaces, hospitality areas, and a stronger relationship to downtown streets. It also became part of a managed entertainment environment, where the area around the ballpark could be programmed and monetized beyond the game itself. The phased development of Ballpark Village, along with scoreboard, club, seating, and hospitality upgrades, made that ambition explicit.

Busch Stadium matters because it shows the late retro-classic period turning from ballpark replacement toward district design. It corrected the multipurpose bowl's lack of baseball specificity, but it also asked the stadium to do more than host the Cardinals. It became a tool for extending the franchise's presence into the surrounding city."
Sutter Health Park,Sutter Health Park,"Sutter Health Park is unusual because its MLB significance arrived after the building already had a different life. It was not conceived as a major-league monument, a downtown franchise anchor, or a permanent answer to a club's long-term stadium needs. It was a retro-classic minor-league park on West Sacramento's riverfront edge, later adapted for the Athletics' temporary MLB use beginning in 2025 after the club left Oakland Coliseum and before a permanent Las Vegas facility.

That makes its context less about architectural ambition than baseball's unsettled geography. Most stadium pages in this anthology describe a city building toward permanence: replacing an obsolete park, securing a franchise, or reshaping a district around a long-term home. Sutter Health Park tells a different story. It reflects a moment when temporary tenancy, broadcast requirements, player facilities, and political transition became part of the MLB stadium record. The building had to be upgraded quickly with clubhouse, lighting, broadcast, dugout, training, and seating modifications because it was being asked to operate above its original scale.

Its riverfront and urban-edge setting also gives the arrangement a different character from the Oakland Coliseum it followed. The Athletics moved from a large multipurpose predecessor into a smaller park with masonry warehouse-district cues and a more intimate open-air frame. That shift was not the result of a normal replacement cycle in which a franchise graduates into a richer permanent building. It was a stopgap, and the architecture reads that way: appealing in scale, useful in the short term, but not designed to carry the full symbolic burden of a settled MLB home.

For the anthology, Sutter Health Park matters because it expands the definition of a major-league stadium page. It shows that MLB history is not only made by grand openings and demolitions. Sometimes it is made by interim arrangements, adapted buildings, and the awkward spaces between one civic compact and the next."
Oracle Park,AT&T Park,"Oracle Park replaced Candlestick Park by changing the Giants' relationship to San Francisco. Candlestick had been cold, windswept, football-shared, and geographically awkward for baseball, even though it carried decades of franchise history. The new waterfront park gave the Giants a baseball-only home designed around the city rather than merely located within it.

The site along San Francisco Bay was the decisive move. Instead of another large multipurpose venue at the edge of the city, the Giants built an urban waterfront ballpark whose setting became part of the game. Brick, steel, open-air seating, and compact geometry worked with water, city views, and pedestrian arrival to produce an identity that Candlestick could not offer. The park made geography feel like architecture.

The design bargain favored specificity over flexibility. Oracle Park gained intimacy, waterfront drama, local material cues, and a strong civic image. It sacrificed the broader multipurpose utility that had defined Candlestick, but that sacrifice was the point. The Giants needed a home shaped for baseball and for San Francisco's visual character, not a stadium that could treat baseball as one use among several.

Scoreboard, seating, concession, center-field, and waterfront-edge upgrades have kept the park current without changing the basic relationship between field and bay. Oracle Park matters because it shows the retro-classic movement at its most site-dependent. It is not only a baseball replacement for a multipurpose predecessor; it is a park whose success depends on the precision of where it sits. In this anthology, it stands as one of the clearest examples of location becoming the stadium's central design material."
